Employee_Name,EmpID,MarriedID,MaritalStatusID,GenderID,EmpStatusID,DeptID,PerfScoreID,FromDiversityJobFairID,PayRate,Termd,PositionID,Position,State,Zip,DOB,Sex,MaritalDesc,CitizenDesc,HispanicLatino,RaceDesc,DateofHire,DateofTermination,TermReason,EmploymentStatus,Department,ManagerName,ManagerID,RecruitmentSource,PerformanceScore,EngagementSurvey,EmpSatisfaction,SpecialProjectsCount,LastPerformanceReview_Date,DaysLateLast30
"Brown, Mia",1103024456,1,1,0,1,1,3,1,28.5,0,1,Accountant I,MA,1450,1987-11-24,F,Married,US Citizen,No,Black or African American,2008-10-27,,N/A - still employed,Active,Admin Offices,Brandon R. LeBlanc,1,Diversity Job Fair,Fully Meets,2.04,2,6,2019-01-15,0
"LaRotonda, William  ",1106026572,0,2,1,1,1,3,0,23,0,1,Accountant I,MA,1460,1984-04-26,M ,Divorced,US Citizen,No,Black or African American,2014-01-06,,N/A - still employed,Active,Admin Offices,Brandon R. LeBlanc,1,Website Banner Ads,Fully Meets,5,4,4,2019-01-17,0
"Steans, Tyrone  ",1302053333,0,0,1,1,1,3,0,29,0,1,Accountant I,MA,2703,1986-09-01,M ,Single,US Citizen,No,White,2014-09-29,,N/A - still employed,Active,Admin Offices,Brandon R. LeBlanc,1,Internet Search,Fully Meets,3.9,5,5,2019-01-18,0
"Howard, Estelle",1211050782,1,1,0,1,1,3,0,21.5,1,2,Administrative Assistant,MA,2170,1985-09-16,F,Married,US Citizen,No,White,2015-02-16,2015-04-15,,Terminated for Cause,Admin Offices,Brandon R. LeBlanc,1,Pay Per Click - Google,Fully Meets,3.24,3,4,,
"Singh, Nan ",1307059817,0,0,0,1,1,3,0,16.56,0,2,Administrative Assistant,MA,2330,1988-05-19,F,Single,US Citizen,No,White,2015-05-01,,N/A - still employed,Active,Admin Offices,Brandon R. LeBlanc,1,Website Banner Ads,Fully Meets,5,3,5,2019-01-15,0
"Smith, Leigh Ann",711007713,1,1,0,5,1,3,1,20.5,1,2,Administrative Assistant,MA,1844,1987-06-14,F,Married,US Citizen,No,Asian,2011-09-26,2013-09-25,career change,Voluntarily Terminated,Admin Offices,Brandon R. LeBlanc,1,Diversity Job Fair,Fully Meets,3.8,4,4,,
"Bunbury, Jessica",1504073368,1,1,0,5,6,3,0,55,1,3,Area Sales Manager,VA,21851,1964-06-01,F,Married,Eligible NonCitizen,No,Black or African American,2011-08-15,2014-08-02,Another position,Voluntarily Terminated,Sales,John Smith,17,Social Networks - Facebook Twitter etc,Fully Meets,3.14,5,0,,
"Carter, Michelle ",1403065721,0,0,0,1,6,3,0,55,0,3,Area Sales Manager,VT,5664,1963-05-15,F,Single,US Citizen,No,White,2014-08-18,,N/A - still employed,Active,Sales,John Smith,17,Billboard,Fully Meets,5,5,0,2019-01-21,0
"Dietrich, Jenna  ",1408069481,0,0,0,1,6,1,0,55,0,3,Area Sales Manager,WA,98052,1987-05-14,F,Single,US Citizen,Yes,White,2012-02-20,,N/A - still employed,Active,Sales,John Smith,17,Website Banner Ads,PIP,2.3,1,0,2019-01-29,0
"Digitale, Alfred",1306059197,1,1,1,1,6,3,0,56,0,3,Area Sales Manager,NH,3062,1988-09-14,M ,Married,US Citizen,No,American Indian or Alaska Native,2014-08-18,,N/A - still employed,Active,Sales,John Smith,17,Pay Per Click - Google,Fully Meets,3.6,5,0,2019-01-30,0
"Friedman, Gerry",1204032843,0,0,1,1,6,3,1,55.5,0,3,Area Sales Manager,NY,10171,1969-02-24,M ,Single,US Citizen,Yes,Two or more races,2011-03-07,,N/A - still employed,Active,Sales,John Smith,17,Diversity Job Fair,Fully Meets,3.65,5,0,2019-01-17,0
"Gill, Whitney  ",1302053046,0,4,0,4,6,3,0,55,1,3,Area Sales Manager,OH,43050,1971-07-10,F,Widowed,US Citizen,No,Black or African American,2014-07-07,2015-09-05,attendance,Terminated for Cause,Sales,John Smith,17,Monster.com,Fully Meets,3.97,4,0,,
"Gonzales, Ricardo",1411071481,1,1,1,1,6,3,0,55.5,0,3,Area Sales Manager,ID,83706,1954-10-12,M ,Married,US Citizen,No,White,2014-05-12,,N/A - still employed,Active,Sales,John Smith,17,Monster.com,Fully Meets,3.98,3,0,2019-01-28,0
"Guilianno, Mike",1001167253,0,0,1,5,6,3,0,55,1,3,Area Sales Manager,TN,37129,1969-02-09,M ,Single,US Citizen,No,Two or more races,2011-03-07,2014-10-31,relocation out of area,Voluntarily Terminated,Sales,John Smith,17,Newspager/Magazine,Fully Meets,4.5,5,0,,
"Leruth, Giovanni",1412071660,0,3,1,1,6,3,0,55,0,3,Area Sales Manager,UT,84111,1988-12-27,M ,Separated,US Citizen,No,Black or African American,2012-04-30,,N/A - still employed,Active,Sales,John Smith,17,Website Banner Ads,Fully Meets,4.53,3,0,2019-01-29,0
"Mullaney, Howard",1306057978,0,0,1,1,6,1,0,55,0,3,Area Sales Manager,AL,36006,1975-11-02,M ,Single,US Citizen,No,Two or more races,2014-09-29,,N/A - still employed,Active,Sales,John Smith,17,Internet Search,PIP,1.93,3,0,2019-01-30,0
"Ozark, Travis",812011761,0,0,1,1,6,3,0,55,0,3,Area Sales Manager,NC,27229,1982-05-19,M ,Single,US Citizen,No,White,2015-01-05,,N/A - still employed,Active,Sales,John Smith,17,Website Banner Ads,Fully Meets,5,5,0,2019-01-14,0
"Strong, Caitrin",1411071295,1,1,0,1,6,3,0,54,0,3,Area Sales Manager,MT,59102,1989-05-12,F,Married,US Citizen,No,Black or African American,2010-09-27,,N/A - still employed,Active,Sales,John Smith,17,Professional Society,Fully Meets,2,4,0,2019-01-31,0
"Valentin,Jackie",1312063714,1,1,0,1,6,3,0,55,0,3,Area Sales Manager,AZ,85006,1991-05-23,F,Married,US Citizen,No,Two or more races,2011-07-05,,N/A - still employed,Active,Sales,John Smith,17,Other,Fully Meets,2.81,3,0,2019-01-17,0
"Villanueva, Noah",1111030503,0,0,1,1,6,3,0,56,0,3,Area Sales Manager,ME,4063,1989-07-11,M ,Single,US Citizen,No,Asian,2012-03-05,,N/A - still employed,Active,Sales,John Smith,17,Website Banner Ads,Fully Meets,1.77,4,0,2019-01-18,0
"Buck, Edward",1504073313,1,1,1,1,6,3,0,55,0,3,Area Sales Manager,MA,2330,1975-07-07,M ,Married,US Citizen,No,White,2014-09-29,,N/A - still employed,Active,Sales,Lynn Daneault,21,Employee Referral,Fully Meets,3.31,5,0,2019-01-28,0
"Costa, Latia",1409070567,0,0,0,1,6,4,0,55,0,3,Area Sales Manager,CA,90007,1988-11-08,F,Single,US Citizen,No,White,2011-01-10,,N/A - still employed,Active,Sales,Lynn Daneault,21,Other,Exceeds,4.77,5,0,2019-01-27,0
"Fraval, Maruk ",1411071302,0,0,1,1,6,3,0,55,0,3,Area Sales Manager,CT,6050,1963-08-28,M ,Single,US Citizen,No,Black or African American,2011-09-06,,N/A - still employed,Active,Sales,Lynn Daneault,21,Monster.com,Fully Meets,1.64,3,0,2019-01-27,0
"Givens, Myriam",1203032099,0,0,0,1,6,3,0,55,0,3,Area Sales Manager,IN,46204,1989-09-22,F,Single,US Citizen,No,White,2015-02-16,,N/A - still employed,Active,Sales,Lynn Daneault,21,Pay Per Click - Google,Fully Meets,1.72,5,0,2019-01-25,0
Jeremy Prater,1001084890,1,1,1,1,6,1,0,56,0,3,Area Sales Manager,NV,89139,1974-05-09,M ,Married,US Citizen,No,White,2014-05-12,,N/A - still employed,Active,Sales,Lynn Daneault,21,Website Banner Ads,PIP,1.81,2,0,2019-01-17,0
"Khemmich, Bartholemew",1104025008,0,0,1,1,6,3,0,55,0,3,Area Sales Manager,CO,80820,1979-11-27,M ,Single,US Citizen,No,White,2013-08-19,,N/A - still employed,Active,Sales,Lynn Daneault,21,Pay Per Click - Google,Fully Meets,2.19,5,0,2019-01-22,0
"Martins, Joseph",1209048771,0,0,1,1,6,3,0,56,0,3,Area Sales Manager,TX,78207,1970-06-11,M ,Single,Eligible NonCitizen,No,Black or African American,2012-05-14,,N/A - still employed,Active,Sales,Lynn Daneault,21,Employee Referral,Fully Meets,2.94,5,0,2019-01-19,0
"McKinzie, Jac",1209049326,1,1,1,2,6,3,0,55,0,3,Area Sales Manager,TX,78789,1984-07-01,M ,Married,US Citizen,No,Two or more races,2016-07-06,,N/A - Has not started yet,Future Start,Sales,Lynn Daneault,21,Website Banner Ads,Fully Meets,2.91,4,0,2019-01-29,0
"Nguyen, Dheepa",1111030684,0,0,0,1,6,3,0,55,0,3,Area Sales Manager,GA,30428,1989-03-31,F,Single,US Citizen,No,Two or more races,2013-07-08,,N/A - still employed,Active,Sales,Lynn Daneault,21,Pay Per Click - Google,Fully Meets,5,5,0,2019-01-25,0
"Onque, Jasmine",1501072180,0,0,0,1,6,3,0,57,0,3,Area Sales Manager,FL,33174,1990-05-11,F,Single,US Citizen,Yes,White,2013-09-30,,N/A - still employed,Active,Sales,Lynn Daneault,21,Pay Per Click - Google,Fully Meets,4.28,3,0,2019-01-25,0
"Potts, Xana",1102024106,1,1,0,1,6,3,0,55,0,3,Area Sales Manager,KY,40220,1988-08-29,F,Married,US Citizen,No,Black or African American,2012-01-09,,N/A - still employed,Active,Sales,Lynn Daneault,21,Website Banner Ads,Fully Meets,4.2,5,0,2019-02-01,0
"Riordan, Michael",1502072711,0,3,1,1,6,4,0,55,0,3,Area Sales Manager,ND,58782,1968-01-15,M ,Separated,US Citizen,No,White,2006-01-09,,N/A - still employed,Active,Sales,Lynn Daneault,21,Billboard,Exceeds,4.1,3,0,2019-01-04,0
"Terry, Sharlene ",1401064637,0,0,0,1,6,3,0,55,0,3,Area Sales Manager,OR,97756,1965-05-07,F,Single,US Citizen,No,Black or African American,2014-09-29,,N/A - still employed,Active,Sales,Lynn Daneault,21,Monster.com,Fully Meets,3.69,3,0,2019-01-28,0
"Rachael, Maggie",1009919940,1,1,0,1,3,3,0,45,0,4,BI Developer,MA,2110,1980-05-12,F,Married,US Citizen,No,Black or African American,2016-10-02,,N/A - still employed,Active,IT/IS,Brian Champaigne,13,Indeed,Fully Meets,2.02,4,6,2019-02-06,0
"Smith, Jason",1009919980,0,0,1,1,3,3,0,46,0,4,BI Developer,MA,2045,1983-09-04,M ,Single,US Citizen,No,White,2017-02-15,,N/A - still employed,Active,IT/IS,Brian Champaigne,13,Indeed,Fully Meets,3.01,5,7,2019-01-23,0
"Westinghouse, Matthew",1009919990,1,1,1,1,3,3,0,45,0,4,BI Developer,MA,2134,1987-10-24,M ,Married,US Citizen,No,White,2017-04-20,,N/A - still employed,Active,IT/IS,Brian Champaigne,13,Indeed,Fully Meets,1.82,3,6,2019-01-02,0
"Hubert, Robert",1009920000,1,1,1,1,3,3,0,45,0,4,BI Developer,MA,2134,1989-06-30,M ,Married,US Citizen,No,Black or African American,2017-04-20,,N/A - still employed,Active,IT/IS,Brian Champaigne,13,Indeed,Fully Meets,2.06,5,5,2019-01-28,0
"Champaigne, Brian",1009919920,1,1,1,1,3,3,0,63.5,0,5,BI Director,MA,2045,1972-02-09,M ,Married,US Citizen,No,White,2016-09-06,,N/A - still employed,Active,IT/IS,Jennifer Zamora,5,Professional Society,Fully Meets,4.5,5,7,2019-01-15,0
"Zamora, Jennifer",1112030816,0,0,0,1,3,4,0,65,0,6,CIO,MA,2067,1979-08-30,F,Single,US Citizen,No,White,2010-04-10,,N/A - still employed,Active,IT/IS,Janet King,2,Employee Referral,Exceeds,1.12,5,6,2019-02-21,0
"Roper, Katie",1009919950,0,0,0,1,3,3,0,55,0,7,Data Architect,MA,2056,1972-11-21,F,Single,US Citizen,No,Black or African American,2017-01-07,,N/A - still employed,Active,IT/IS,Brian Champaigne,13,Indeed,Fully Meets,4.94,3,5,2019-02-06,0
"Becker, Renee",1102024056,0,0,0,4,3,3,0,43,1,8,Database Administrator,MA,2026,1986-04-04,F,Single,US Citizen,Yes,White,2014-07-07,2015-09-12,performance,Terminated for Cause,IT/IS,Simon Roup,4,Search Engine - Google Bing Yahoo,Fully Meets,1.87,4,5,,
"Goble, Taisha",905013738,0,0,0,4,3,3,0,48.5,1,8,Database Administrator,MA,2127,1971-10-23,F,Single,US Citizen,No,White,2015-02-16,2015-03-15,"no-call, no-show",Terminated for Cause,IT/IS,Simon Roup,4,Glassdoor,Fully Meets,1.87,4,4,,
"Hernandez, Daniff",1410071156,1,1,1,4,3,3,0,40.1,1,8,Database Administrator,MA,1960,1986-08-07,M ,Married,US Citizen,No,Black or African American,2015-02-16,2015-02-22,"no-call, no-show",Terminated for Cause,IT/IS,Simon Roup,4,Employee Referral,Fully Meets,4.33,3,7,,
"Horton, Jayne",1105025718,0,0,0,1,3,3,0,34,0,8,Database Administrator,MA,2493,1984-02-21,F,Single,US Citizen,No,White,2015-03-30,,N/A - still employed,Active,IT/IS,Simon Roup,4,Glassdoor,Fully Meets,4.48,5,6,2019-01-03,0
"Johnson, Noelle ",1003018246,1,1,0,3,3,3,0,40,0,8,Database Administrator,MA,2301,1986-11-07,F,Married,US Citizen,No,Asian,2015-01-05,,N/A - still employed,Leave of Absence,IT/IS,Simon Roup,4,Glassdoor,Fully Meets,3.75,3,5,2019-02-11,0
"Murray, Thomas",1406068403,0,2,1,1,3,4,1,35.5,0,9,Data Analyst,TX,78230,1988-07-04,M ,Divorced,US Citizen,No,Black or African American,2014-11-10,,N/A - still employed,Active,IT/IS,Simon Roup,4,Diversity Job Fair,Exceeds,4.28,4,5,2019-02-25,0
"Pearson, Randall",1102023965,1,1,1,5,3,3,0,41,1,9,Data Analyst,MA,2747,1984-09-05,M ,Married,US Citizen,No,White,2014-12-01,2016-05-01,performance,Voluntarily Terminated,IT/IS,Simon Roup,4,Employee Referral,Fully Meets,1.62,4,5,,
"Petrowsky, Thelma",1108027853,1,1,0,1,3,4,0,42.75,0,9,Data Analyst,MA,1886,1984-09-16,F,Married,US Citizen,No,Asian,2014-11-10,,N/A - still employed,Active,IT/IS,Simon Roup,4,Employee Referral,Exceeds,3.71,5,7,2019-01-04,0
"Roby, Lori ",1407068885,1,1,0,1,3,3,0,39.55,0,9,Data Analyst,MA,1886,1981-10-11,F,Married,US Citizen,No,White,2015-02-16,,N/A - still employed,Active,IT/IS,Simon Roup,4,Employee Referral,Fully Meets,3.69,5,6,2019-02-14,0
"Rogers, Ivan",1203032255,1,1,1,1,3,3,0,42.2,0,9,Data Analyst,MA,1810,1986-08-26,M ,Married,US Citizen,No,White,2015-03-30,,N/A - still employed,Active,IT/IS,Simon Roup,4,Pay Per Click - Google,Fully Meets,3.04,3,6,2019-01-22,0
"Salter, Jason",1111030148,0,2,1,5,3,3,0,45,1,9,Data Analyst ,MA,2452,1987-12-17,M ,Divorced,US Citizen,No,Black or African American,2015-01-05,2015-10-31,hours,Voluntarily Terminated,IT/IS,Simon Roup,4,Vendor Referral,Fully Meets,2.19,3,5,,
"Simard, Kramer",808010278,1,1,1,1,3,3,0,30.2,0,9,Data Analyst,MA,2110,1970-02-08,M ,Married,US Citizen,Yes,White,2015-01-05,,N/A - still employed,Active,IT/IS,Simon Roup,4,Employee Referral,Fully Meets,3.32,3,7,2019-01-14,0
"Zhou, Julia",1110029732,0,0,0,1,3,3,0,31.4,0,9,Data Analyst,MA,2148,1979-02-24,F,Single,US Citizen,No,White,2015-03-30,,N/A - still employed,Active,IT/IS,Simon Roup,4,Employee Referral,Fully Meets,5,3,5,2019-02-01,0
"Bramante, Elisa",1006020066,0,0,0,1,5,4,0,60,0,10,Director of Operations,MA,2030,1983-03-19,F,Single,US Citizen,No,Black or African American,2009-01-05,,N/A - still employed,Active,Production       ,Janet King,2,Other,Exceeds,3.02,5,0,2019-02-04,0
"Houlihan, Debra",1009021646,1,1,0,1,6,3,0,60,0,11,Director of Sales,RI,2908,1966-03-17,F,Married,US Citizen,No,White,2014-05-05,,N/A - still employed,Active,Sales,Janet King,2,MBTA ads,Fully Meets,1.22,4,0,2019-01-21,0
"Foss, Jason",1192991000,0,0,1,1,3,4,0,65,0,12,IT Director,MA,1460,1980-07-05,M ,Single,US Citizen,No,Black or African American,2011-04-15,,N/A - still employed,Active,IT/IS,Jennifer Zamora,5,Professional Society,Exceeds,3.76,5,5,2019-01-07,0
"Roup,Simon",1106026933,0,0,1,1,3,3,0,62,0,13,IT Manager - DB,MA,2481,1973-04-05,M ,Single,US Citizen,No,White,2013-01-20,,N/A - still employed,Active,IT/IS,Jennifer Zamora,5,Professional Society,Fully Meets,2.96,5,7,2019-02-18,0
"Ruiz, Ricardo",1001175250,0,2,1,5,3,3,1,21,1,13,IT Manager - DB,MA,1915,1964-01-04,M ,Divorced,US Citizen,No,Two or more races,2012-01-09,2015-11-04,hours,Voluntarily Terminated,IT/IS,Jennifer Zamora,5,Diversity Job Fair,Fully Meets,2.51,4,6,,
"Monroe, Peter",1011022863,1,1,1,1,3,2,1,63,0,13,IT Manager - Infra,MA,2134,1986-10-05,M ,Married,Eligible NonCitizen,Yes,Hispanic,2012-02-15,,N/A - still employed,Active,IT/IS,Jennifer Zamora,5,Diversity Job Fair,Needs Improvement,2.39,3,6,2019-02-22,0
"Dougall, Eric",1101023754,0,0,1,1,3,4,0,64,0,13,IT Manager - Support,MA,1886,1970-07-09,M ,Single,US Citizen,No,White,2014-01-05,,N/A - still employed,Active,IT/IS,Jennifer Zamora,5,Professional Society,Exceeds,1.99,5,5,2019-01-04,0
"Clayton, Rick",1301052902,0,0,1,1,3,3,0,28.99,0,14,IT Support,MA,2170,1985-09-05,M ,Single,US Citizen,No,White,2012-09-05,,N/A - still employed,Active,IT/IS,Eric Dougall,6,Glassdoor,Fully Meets,2.55,3,6,2019-02-27,0
"Galia, Lisa",1501072093,0,0,0,1,3,3,0,31.4,0,14,IT Support,CT,6040,1968-07-06,F,Single,US Citizen,No,White,2010-05-01,,N/A - still employed,Active,IT/IS,Eric Dougall,6,Vendor Referral,Fully Meets,1.21,4,5,2019-02-01,0
"Lindsay, Leonara ",602000312,0,0,0,1,3,4,1,26,0,14,IT Support,CT,6070,1988-10-05,F,Single,US Citizen,Yes,Two or more races,2011-01-21,,N/A - still employed,Active,IT/IS,Eric Dougall,6,Diversity Job Fair,Exceeds,4.64,4,5,2019-01-25,0
"Soto, Julia ",1203032263,1,1,0,1,3,3,0,27.49,0,14,IT Support,MA,2360,1973-03-12,F,Married,US Citizen,No,Black or African American,2011-06-10,,N/A - still employed,Active,IT/IS,Eric Dougall,6,Information Session,Fully Meets,4.3,3,5,2019-02-08,0
"Bacong, Alejandro ",1212052023,0,2,1,1,3,3,0,45,0,14,IT Support,MA,1886,1988-01-07,M ,Divorced,US Citizen,No,White,2015-01-05,,N/A - still employed,Active,IT/IS,Peter Monroe,7,Glassdoor,Fully Meets,1.84,5,6,2019-02-18,0
"Cisco, Anthony",1102024173,1,1,1,1,3,3,0,42,0,14,IT Support,MA,2135,1989-11-24,M ,Married,US Citizen,Yes,White,2015-03-30,,N/A - still employed,Active,IT/IS,Peter Monroe,7,Information Session,Fully Meets,2.21,5,7,2019-01-10,0
"Dolan, Linda",1101023540,1,1,0,1,3,3,0,37,0,14,IT Support,MA,2119,1988-07-18,F,Married,US Citizen,No,White,2015-01-05,,N/A - still employed,Active,IT/IS,Peter Monroe,7,Employee Referral,Fully Meets,4.11,4,6,2019-02-25,0
"Gonzalez, Maria",1988299991,0,3,0,1,3,3,0,39,0,14,IT Support,MA,2472,1981-04-16,F,Separated,US Citizen,Yes,White,2015-01-05,,N/A - still employed,Active,IT/IS,Peter Monroe,7,Employee Referral,Fully Meets,4.61,4,5,2019-01-28,0
"Merlos, Carlos",1012023013,0,0,1,1,3,1,0,43,0,15,Network Engineer,MA,2138,1987-06-18,M ,Single,US Citizen,No,White,2015-03-30,,N/A - still employed,Active,IT/IS,Peter Monroe,7,Vendor Referral,PIP,1.2,3,6,2019-02-04,0
"Morway, Tanya",1001956578,1,1,0,1,3,3,0,27,0,15,Network Engineer,MA,2048,1979-04-04,F,Married,US Citizen,No,White,2015-02-16,,N/A - still employed,Active,IT/IS,Peter Monroe,7,Monster.com,Fully Meets,3.81,3,6,2019-02-11,0
"Shepard, Anita ",906014183,1,1,0,1,3,3,0,47,0,15,Network Engineer,MA,1773,1981-04-14,F,Married,US Citizen,No,White,2014-09-30,,N/A - still employed,Active,IT/IS,Peter Monroe,7,Vendor Referral,Fully Meets,3.31,3,6,2019-01-07,0
"Tredinnick, Neville ",1104025466,1,1,1,5,3,3,0,28,1,15,Network Engineer,MA,1420,1988-05-05,M ,Married,US Citizen,No,White,2015-01-05,2015-05-12,medical issues,Voluntarily Terminated,IT/IS,Peter Monroe,7,Monster.com,Fully Meets,5,3,5,,
"Turpin, Jumil",1411071506,1,1,1,1,3,3,0,49.1,0,15,Network Engineer,MA,2343,1969-03-31,M ,Married,Eligible NonCitizen,No,White,2015-03-30,,N/A - still employed,Active,IT/IS,Peter Monroe,7,Employee Referral,Fully Meets,5,4,7,2019-01-14,0
"King, Janet",1001495124,1,1,0,1,2,3,0,80,0,16,President & CEO,MA,1902,1954-09-21,F,Married,US Citizen,Yes,White,2012-07-02,,N/A - still employed,Active,Executive Office,Board of Directors,9,Pay Per Click - Google,Fully Meets,4.83,3,0,2019-01-17,0
"Albert, Michael  ",1501072311,0,2,1,1,5,3,0,54.5,0,17,Production Manager,MA,2169,1968-10-10,M ,Divorced,US Citizen,No,White,2011-08-01,,N/A - still employed,Active,Production       ,Janet King,2,Employee Referral,Fully Meets,3.93,3,0,2019-02-27,0
"Bozzi, Charles",1303054580,0,0,1,5,5,3,0,50.5,1,18,Production Manager,MA,1901,1970-03-10,M ,Single,US Citizen,No,Asian,2013-09-30,2014-08-07,retiring,Voluntarily Terminated,Production       ,Janet King,2,Billboard,Fully Meets,3.39,3,0,,
"Butler, Webster  L",1110029990,0,0,1,1,5,4,0,55,0,18,Production Manager,MA,2169,1983-08-09,M ,Single,US Citizen,No,White,2016-01-28,,N/A - still employed,Active,Production       ,Janet King,2,Pay Per Click - Google,Exceeds,5,3,0,2019-02-22,0
"Dunn, Amy  ",1409070147,0,0,0,1,5,3,0,51,0,18,Production Manager,MA,1731,1973-11-28,F,Single,US Citizen,No,White,2014-09-18,,N/A - still employed,Active,Production       ,Janet King,2,Search Engine - Google Bing Yahoo,Fully Meets,4.52,4,0,2019-01-15,0
"Gray, Elijiah  ",1307060077,0,2,1,1,5,3,0,54,0,18,Production Manager,MA,1752,1981-07-11,M ,Divorced,US Citizen,No,White,2015-06-02,,N/A - still employed,Active,Production       ,Janet King,2,Employee Referral,Fully Meets,4.63,3,0,2019-01-04,0
"Hogland, Jonathan ",1001944783,1,1,1,4,5,3,0,48.5,1,18,Production Manager,MA,1890,1972-07-01,M ,Married,US Citizen,No,White,2011-01-10,2015-12-12,attendance,Terminated for Cause,Production       ,Janet King,2,Employee Referral,Fully Meets,4.78,4,0,,
"Immediato, Walter",1403065874,1,1,1,5,5,2,0,42,1,18,Production Manager,MA,2128,1976-11-15,M ,Married,US Citizen,No,Asian,2011-02-21,2012-09-24,unhappy,Voluntarily Terminated,Production       ,Janet King,2,Other,Needs Improvement,2.34,2,0,,
"Liebig, Ketsia",1103024679,1,1,0,1,5,4,0,55,0,18,Production Manager,MA,2110,1981-10-26,F,Married,US Citizen,No,White,2013-09-30,,N/A - still employed,Active,Production       ,Janet King,2,Website Banner Ads,Exceeds,3.66,3,0,2019-01-21,0
"Miller, Brannon",1107027351,0,0,1,1,5,3,0,53,0,18,Production Manager,MA,2045,1981-08-10,M ,Single,US Citizen,yes,Hispanic,2012-08-16,,N/A - still employed,Active,Production       ,Janet King,2,Internet Search,Fully Meets,4.37,3,0,2019-01-14,0
"Peterson, Ebonee  ",1402065355,1,1,0,5,5,3,0,38.5,1,18,Production Manager,MA,2030,1977-05-09,F,Married,US Citizen,No,White,2010-10-25,2016-05-18,Another position,Voluntarily Terminated,Production       ,Janet King,2,Internet Search,Fully Meets,4.16,5,0,,
"Spirea, Kelley",1102024149,1,1,0,1,5,3,0,52,0,18,Production Manager,MA,2451,1975-09-30,F,Married,US Citizen,No,White,2012-10-02,,N/A - still employed,Active,Production       ,Janet King,2,Vendor Referral,Fully Meets,4.83,5,0,2019-02-14,0
"Stanley, David ",1000974650,0,2,1,1,5,2,0,53,0,18,Production Manager,MA,1803,1975-12-17,M ,Divorced,US Citizen,No,White,2010-07-20,,N/A - still employed,Active,Production       ,Janet King,2,Monster.com,Needs Improvement,4.13,2,0,2019-01-14,0
"Sullivan, Kissy ",1405067298,1,1,0,1,5,3,0,55,0,18,Production Manager,MA,1776,1978-03-28,F,Married,US Citizen,No,Black or African American,2009-01-08,,N/A - still employed,Active,Production       ,Janet King,2,Billboard,Fully Meets,3.73,4,0,2019-01-24,0
"Wallace, Courtney  E",1410071026,1,1,0,5,5,3,1,33.5,1,18,Production Manager,MA,2478,1955-11-14,F,Married,US Citizen,No,Black or African American,2011-09-26,2012-01-02,Another position,Voluntarily Terminated,Production       ,Janet King,2,Diversity Job Fair,Fully Meets,1.18,3,0,,
"Anderson, Linda  ",1304055947,0,0,0,1,5,4,0,23,0,19,Production Technician I,MA,1844,1977-05-22,F,Single,US Citizen,No,White,2012-01-09,,N/A - still employed,Active,Production       ,Amy Dunn,11,MBTA ads,Exceeds,5,5,0,2019-01-07,0
"Bernstein, Sean",1109029366,0,0,1,1,5,3,0,16,0,19,Production Technician I,MA,2072,1970-12-22,M ,Single,US Citizen,Yes,White,2012-04-02,,N/A - still employed,Active,Production       ,Amy Dunn,11,Word of Mouth,Fully Meets,5,3,0,2019-01-14,0
"Chivukula, Enola",1101023394,0,0,0,5,5,3,0,21,1,19,Production Technician I,MA,1775,1983-08-27,F,Single,US Citizen,No,White,2011-06-27,2015-11-15,relocation out of area,Voluntarily Terminated,Production       ,Amy Dunn,11,Other,Fully Meets,2,4,0,,
"Desimone, Carl ",1501072124,1,1,1,1,5,1,0,20,0,19,Production Technician I,MA,2061,1967-04-19,M ,Married,US Citizen,No,White,2014-07-07,,N/A - still employed,Active,Production       ,Amy Dunn,11,Professional Society,PIP,1.12,2,0,2019-01-31,0
"Fernandes, Nilson  ",1302053339,1,1,1,1,5,1,0,18,0,19,Production Technician I,MA,2132,1989-10-18,M ,Married,US Citizen,No,White,2015-05-11,,N/A - still employed,Active,Production       ,Amy Dunn,11,Professional Society,PIP,1.56,5,0,2019-01-03,0
"Girifalco, Evelyn",1204032927,0,0,0,1,5,4,0,16,0,19,Production Technician I,MA,2451,1980-05-08,F,Single,US Citizen,Yes,Two or more races,2014-09-29,,N/A - still employed,Active,Production       ,Amy Dunn,11,Professional Society,Exceeds,3.39,4,0,2019-02-07,0
"Harrison, Kara",1404066622,1,1,0,1,5,4,0,20,0,19,Production Technician I,MA,1886,1974-05-02,F,Married,US Citizen,No,White,2014-05-12,,N/A - still employed,Active,Production       ,Amy Dunn,11,Monster.com,Exceeds,4.76,4,0,2019-02-15,0
"Kirill, Alexandra  ",903013071,1,1,0,5,5,3,0,24,1,19,Production Technician I,MA,2127,1970-10-08,F,Married,US Citizen,No,White,2011-09-26,2012-01-09,more money,Voluntarily Terminated,Production       ,Amy Dunn,11,Search Engine - Google Bing Yahoo,Fully Meets,3.49,4,0,,
"MacLennan, Samuel",1201031032,0,4,1,5,5,3,0,15,1,19,Production Technician I,MA,1938,1972-11-09,M ,Widowed,US Citizen,No,White,2012-09-24,2012-09-26,hours,Voluntarily Terminated,Production       ,Amy Dunn,11,Pay Per Click,Fully Meets,3.08,4,0,,
"Ndzi, Horia",1204033044,1,1,1,5,5,3,0,22,1,19,Production Technician I,MA,2421,1983-03-28,M ,Married,US Citizen,No,White,2013-04-01,2016-05-25,more money,Voluntarily Terminated,Production       ,Amy Dunn,11,Employee Referral,Fully Meets,3.18,3,0,,
"Perry, Shakira",1109029186,0,0,0,5,5,3,0,22,1,19,Production Technician I,MA,2176,1986-07-20,F,Single,US Citizen,No,White,2011-05-16,2015-10-25,medical issues,Voluntarily Terminated,Production       ,Amy Dunn,11,MBTA ads,Fully Meets,3.45,4,0,,
"Robinson, Alain  ",1206038000,1,1,1,5,5,3,0,24,1,19,Production Technician I,MA,1420,1974-01-07,M ,Married,US Citizen,No,Black or African American,2011-01-10,2016-01-26,attendance,Voluntarily Terminated,Production       ,Amy Dunn,11,Glassdoor,Fully Meets,5,3,0,,
"Shields, Seffi",1205033102,1,1,0,1,5,3,0,15,0,19,Production Technician I,MA,2149,1985-08-24,F,Married,US Citizen,No,White,2013-08-19,,N/A - still employed,Active,Production       ,Amy Dunn,11,Newspager/Magazine,Fully Meets,4.81,4,0,2019-02-15,0
"Theamstern, Sophia",1404066739,0,0,0,5,5,3,0,20,1,19,Production Technician I,MA,2066,1965-05-09,F,Single,US Citizen,No,White,2011-07-05,2011-09-05,return to school,Voluntarily Terminated,Production       ,Amy Dunn,11,Billboard,Fully Meets,3.98,4,0,,
"Wilber, Barry",1101023839,1,1,1,5,5,3,0,21,1,19,Production Technician I,MA,2324,1965-09-09,M ,Married,Eligible NonCitizen,No,White,2011-05-16,2015-09-07,unhappy,Voluntarily Terminated,Production       ,Amy Dunn,11,Website Banner Ads,Fully Meets,5,3,0,,
"Bachiochi, Linda",1212051409,0,0,0,3,5,3,1,22,0,19,Production Technician I,MA,1902,1970-02-11,F,Single,US Citizen,No,Two or more races,2009-07-06,,N/A - still employed,Leave of Absence,Production       ,Brannon Miller,12,Diversity Job Fair,Fully Meets,4.46,3,0,2019-01-25,0
"Billis, Helen",1308060366,1,1,0,1,5,4,0,16,0,19,Production Technician I,MA,2031,1989-09-01,F,Married,US Citizen,No,White,2014-07-07,,N/A - still employed,Active,Production       ,Brannon Miller,12,Professional Society,Exceeds,5,3,0,2019-02-27,0
"Clukey, Elijian",1407069280,1,1,1,2,5,4,0,24.75,0,19,Production Technician I,MA,2134,1980-08-26,M ,Married,US Citizen,No,White,2016-07-06,,N/A - Has not started yet,Future Start,Production       ,Brannon Miller,12,Employee Referral,Exceeds,1.97,4,0,2019-02-28,0
"DiNocco, Lily ",1209048696,1,1,0,1,5,2,0,22,0,19,Production Technician I,MA,2351,1978-12-02,F,Married,US Citizen,No,Black or African American,2013-01-07,,N/A - still employed,Active,Production       ,Brannon Miller,12,Pay Per Click - Google,Needs Improvement,3.88,4,0,2019-01-18,0
"Fidelia,  Libby",1006020020,1,1,0,1,5,3,0,24,0,19,Production Technician I,MA,2155,1981-03-16,F,Married,US Citizen,No,White,2012-01-09,,N/A - still employed,Active,Production       ,Brannon Miller,12,Social Networks - Facebook Twitter etc,Fully Meets,5,5,0,2019-01-29,0
"Gonzalez, Cayo",1411071212,0,2,1,1,5,4,1,16,0,19,Production Technician I,MA,2108,1969-09-29,M ,Divorced,US Citizen,No,American Indian or Alaska Native,2011-07-11,,N/A - still employed,Active,Production       ,Brannon Miller,12,Diversity Job Fair,Exceeds,1.83,4,0,2019-02-18,0
"Ivey, Rose ",1408069882,0,0,0,1,5,3,0,16,0,19,Production Technician I,MA,1775,1991-01-28,F,Single,US Citizen,No,White,2013-08-19,,N/A - still employed,Active,Production       ,Brannon Miller,12,Professional Society,Fully Meets,3.99,3,0,2019-01-14,0
"Kretschmer, John",1311062610,1,1,1,1,5,3,0,21,0,19,Production Technician I,MA,1801,1980-02-02,M ,Married,US Citizen,No,Asian,2011-01-10,,N/A - still employed,Active,Production       ,Brannon Miller,12,Pay Per Click - Google,Fully Meets,3.38,3,0,2019-01-21,0
"Mangal, Debbie",1308060754,1,1,0,1,5,3,0,23,0,19,Production Technician I,MA,2451,1974-11-07,F,Married,US Citizen,No,White,2013-11-11,,N/A - still employed,Active,Production       ,Brannon Miller,12,On-campus Recruiting,Fully Meets,1.04,3,0,2019-01-22,0
"Ngodup, Shari ",1403066020,0,3,0,1,5,4,1,15,0,19,Production Technician I,MA,1810,1967-06-03,F,Separated,US Citizen,No,Asian,2013-04-01,,N/A - still employed,Active,Production       ,Brannon Miller,12,Diversity Job Fair,Exceeds,1.12,3,0,2019-02-13,0
"Pham, Hong",1305057440,1,1,1,5,5,3,0,18,1,19,Production Technician I,MA,2451,1988-03-06,M ,Married,US Citizen,No,White,2011-07-05,2012-11-30,more money,Voluntarily Terminated,Production       ,Brannon Miller,12,Search Engine - Google Bing Yahoo,Fully Meets,5,3,0,,
"Robinson, Elias",1011022887,0,4,1,1,5,4,0,17,0,19,Production Technician I,MA,1730,1985-01-28,M ,Widowed,US Citizen,No,White,2013-07-08,,N/A - still employed,Active,Production       ,Brannon Miller,12,Employee Referral,Exceeds,3.02,5,0,2019-02-11,0
"Sparks, Taylor  ",1410071137,1,1,0,1,5,1,0,16,0,19,Production Technician I,MA,2093,1968-07-20,F,Married,US Citizen,No,White,2012-02-20,,N/A - still employed,Active,Production       ,Brannon Miller,12,Billboard,PIP,4.11,2,0,2019-02-25,0
"Tippett, Jeanette",1409070255,0,2,0,1,5,3,0,24,0,19,Production Technician I,MA,2093,1967-06-05,F,Divorced,US Citizen,No,Black or African American,2013-02-18,,N/A - still employed,Active,Production       ,Brannon Miller,12,Billboard,Fully Meets,4.21,5,0,2019-01-14,0
"Ybarra, Catherine ",1001268402,0,0,0,5,5,1,0,22,1,19,Production Technician I,MA,2458,1982-05-04,F,Single,US Citizen,No,Asian,2008-09-02,2015-09-29,Another position,Voluntarily Terminated,Production       ,Brannon Miller,12,Search Engine - Google Bing Yahoo,PIP,4.29,2,0,,
"Baczenski, Rachael  ",1307060083,1,1,0,5,5,3,1,17,1,19,Production Technician I,MA,1902,1974-01-12,F,Married,US Citizen,Yes,Hispanic,2011-01-10,2011-01-12,Another position,Voluntarily Terminated,Production       ,David Stanley,14,Diversity Job Fair,Fully Meets,1.79,4,0,,
"Brill, Donna",1406068293,1,1,0,5,5,3,0,20,1,19,Production Technician I,MA,1701,1990-08-24,F,Married,US Citizen,No,White,2012-04-02,2013-06-15,Another position,Voluntarily Terminated,Production       ,David Stanley,14,Search Engine - Google Bing Yahoo,Fully Meets,3.35,4,0,,
"Cockel, James",1599991009,0,0,1,1,5,3,0,15,0,19,Production Technician I,MA,2452,1977-09-08,M ,Single,US Citizen,No,White,2013-07-08,,N/A - still employed,Active,Production       ,David Stanley,14,Employee Referral,Fully Meets,1.51,5,0,2019-01-14,0
"Dobrin, Denisa  S",1202031618,0,0,0,1,5,3,0,16.75,0,19,Production Technician I,MA,2125,1986-10-07,F,Single,US Citizen,Yes,White,2012-04-02,,N/A - still employed,Active,Production       ,David Stanley,14,Monster.com,Fully Meets,2.79,5,0,2019-02-19,0
"Garcia, Raul",1309061015,0,0,1,1,5,3,0,19,0,19,Production Technician I,MA,1905,1985-09-15,M ,Single,US Citizen,Yes,White,2015-03-30,,N/A - still employed,Active,Production       ,David Stanley,14,Employee Referral,Fully Meets,4.5,3,0,2019-02-18,0
"Gordon, David",1106026579,1,1,1,1,5,3,0,15,0,19,Production Technician I,MA,2169,1979-05-21,M ,Married,US Citizen,No,White,2012-07-02,,N/A - still employed,Active,Production       ,David Stanley,14,MBTA ads,Fully Meets,5,3,0,2019-01-14,0
"Jackson, Maryellen",1201031438,0,0,0,1,5,3,0,20,0,19,Production Technician I,MA,2081,1972-09-11,F,Single,US Citizen,No,White,2012-11-05,,N/A - still employed,Active,Production       ,David Stanley,14,Newspager/Magazine,Fully Meets,2.32,3,0,2019-01-17,0
"Langton, Enrico",1304055987,1,1,1,1,5,3,0,17,0,19,Production Technician I,MA,2048,1986-12-09,M ,Married,US Citizen,No,White,2012-07-09,,N/A - still employed,Active,Production       ,David Stanley,14,Newspager/Magazine,Fully Meets,5,5,0,2019-02-04,0
"Maurice, Shana",1401064327,1,1,0,1,5,3,0,20,0,19,Production Technician I,MA,2330,1977-11-22,F,Married,US Citizen,No,White,2011-05-31,,N/A - still employed,Active,Production       ,David Stanley,14,Other,Fully Meets,5,4,0,2019-01-10,0
"Nguyen, Lei-Ming",1203032357,0,0,0,1,5,3,0,19,0,19,Production Technician I,MA,2132,1984-07-07,F,Single,US Citizen,No,White,2013-07-08,,N/A - still employed,Active,Production       ,David Stanley,14,Vendor Referral,Fully Meets,2.79,5,0,2019-01-02,0
"Pitt, Brad ",1001735072,0,0,1,1,5,3,0,17,0,19,Production Technician I,MA,2451,1981-11-23,M ,Single,US Citizen,No,Black or African American,2007-11-05,,N/A - still employed,Active,Production       ,David Stanley,14,Search Engine - Google Bing Yahoo,Fully Meets,3.66,3,0,2019-02-25,0
"Rose, Ashley  ",710007555,0,3,0,1,5,3,0,17,0,19,Production Technician I,MA,1886,1974-12-05,F,Separated,US Citizen,No,White,2014-01-06,,N/A - still employed,Active,Production       ,David Stanley,14,Website Banner Ads,Fully Meets,5,4,0,2019-01-31,0
"Squatrito, Kristen",1405067138,0,2,0,5,5,4,0,21,1,19,Production Technician I,MA,2359,1973-03-26,F,Divorced,US Citizen,No,White,2013-05-13,2015-06-29,unhappy,Voluntarily Terminated,Production       ,David Stanley,14,MBTA ads,Exceeds,1.97,4,0,,
"Trang, Mei",1012023152,0,0,0,1,5,2,0,22,0,19,Production Technician I,MA,2021,1983-05-16,F,Single,US Citizen,No,White,2014-02-17,,N/A - still employed,Active,Production       ,David Stanley,14,Professional Society,Needs Improvement,2.44,5,0,2019-02-11,0
"Zima, Colleen",1211051232,0,4,0,1,5,3,0,15,0,19,Production Technician I,MA,1730,1978-08-17,F,Widowed,US Citizen,No,Asian,2014-09-29,,N/A - still employed,Active,Production       ,David Stanley,14,On-campus Recruiting,Fully Meets,1.24,5,0,2019-01-30,0
"Alagbe,Trina",1011022883,1,1,0,1,5,3,0,21,0,19,Production Technician I,MA,1886,1988-09-27,F,Married,US Citizen,No,White,2008-01-07,,N/A - still employed,Active,Production       ,Elijiah Gray,16,Billboard,Fully Meets,4.84,5,0,2019-01-03,0
"Beatrice, Courtney ",1403066194,0,0,0,1,5,3,0,22,0,19,Production Technician I,MA,1915,1970-10-27,F,Single,Eligible NonCitizen,No,White,2011-04-04,,N/A - still employed,Active,Production       ,Elijiah Gray,16,Search Engine - Google Bing Yahoo,Fully Meets,5,5,0,2019-01-14,0
"Chan, Lin",1305057282,0,0,0,1,5,3,0,19.5,0,19,Production Technician I,MA,2170,1979-02-12,F,Single,US Citizen,No,White,2014-05-12,,N/A - still employed,Active,Production       ,Elijiah Gray,16,Internet Search,Fully Meets,2.73,4,0,2019-02-19,0
"Darson, Jene'ya ",1001109612,1,1,0,1,5,3,0,15,0,19,Production Technician I,MA,2110,1978-11-05,F,Married,US Citizen,No,White,2012-07-02,,N/A - still employed,Active,Production       ,Elijiah Gray,16,Billboard,Fully Meets,5,3,0,2019-02-25,0
"Evensen, April",1107027392,0,0,0,4,5,2,0,18,1,19,Production Technician I,MA,2458,1989-05-06,F,Single,US Citizen,No,White,2014-02-17,2014-02-25,"no-call, no-show",Terminated for Cause,Production       ,Elijiah Gray,16,Word of Mouth,Needs Improvement,1.04,3,0,,
"Gerke, Melisa",1308060622,0,2,0,5,5,3,1,22,1,19,Production Technician I,MA,2330,1970-05-15,F,Divorced,US Citizen,No,White,2011-11-07,2011-11-15,hours,Voluntarily Terminated,Production       ,Elijiah Gray,16,Diversity Job Fair,Fully Meets,4.24,4,0,,
"Harrell, Ludwick",1406068241,1,1,1,1,5,3,0,21,0,19,Production Technician I,MA,1776,1982-09-02,M ,Married,US Citizen,No,Asian,2012-05-14,,N/A - still employed,Active,Production       ,Elijiah Gray,16,Search Engine - Google Bing Yahoo,Fully Meets,1.83,3,0,2019-02-22,0
"Jung, Judy  ",1107027450,1,1,0,5,5,3,0,21,1,19,Production Technician I,MA,2446,1986-04-17,F,Married,US Citizen,No,White,2011-01-10,2016-04-01,unhappy,Voluntarily Terminated,Production       ,Elijiah Gray,16,Monster.com,Fully Meets,4,4,0,,
"Lydon, Allison",1101023353,1,1,0,3,5,3,0,20,0,19,Production Technician I,MA,2122,1975-10-22,F,Married,US Citizen,No,Black or African American,2015-02-16,,N/A - still employed,Leave of Absence,Production       ,Elijiah Gray,16,Website Banner Ads,Fully Meets,5,3,0,2019-01-23,0
"Motlagh,  Dawn",1102024121,0,2,0,1,5,3,0,15,0,19,Production Technician I,MA,2453,1984-07-07,F,Divorced,US Citizen,No,White,2013-04-01,,N/A - still employed,Active,Production       ,Elijiah Gray,16,MBTA ads,Fully Meets,1.76,4,0,2019-01-17,0
"Panjwani, Nina",1109029531,1,1,0,5,5,3,0,18,1,19,Production Technician I,MA,2351,1979-05-01,F,Married,US Citizen,No,White,2011-02-07,2014-01-12,Another position,Voluntarily Terminated,Production       ,Elijiah Gray,16,Social Networks - Facebook Twitter etc,Fully Meets,3.89,4,0,,
"Rhoads, Thomas",1211050793,0,2,1,5,5,3,0,20,1,19,Production Technician I,MA,2176,1982-07-22,M ,Divorced,US Citizen,Yes,White,2011-05-16,2016-01-15,retiring,Voluntarily Terminated,Production       ,Elijiah Gray,16,Professional Society,Fully Meets,5,4,0,,
"Sander, Kamrin",1302053362,1,1,0,1,5,3,0,21,0,19,Production Technician I,MA,2154,1988-07-10,F,Married,US Citizen,No,Black or African American,2014-09-29,,N/A - still employed,Active,Production       ,Elijiah Gray,16,On-campus Recruiting,Fully Meets,3.51,3,0,2019-02-18,0
"Sutwell, Barbara",1407069061,0,0,0,1,5,3,0,14,0,19,Production Technician I,MA,2718,1968-08-15,F,Single,Eligible NonCitizen,No,Asian,2012-05-14,,N/A - still employed,Active,Production       ,Elijiah Gray,16,Glassdoor,Fully Meets,2.77,5,0,2019-01-31,0
"Wallace, Theresa",1101023619,0,0,0,5,5,2,0,15,1,19,Production Technician I,MA,1887,1980-08-02,F,Single,US Citizen,No,White,2012-08-13,2015-09-01,career change,Voluntarily Terminated,Production       ,Elijiah Gray,16,Monster.com,Needs Improvement,1.27,3,0,,
"Barone, Francesco  A",1101023679,0,0,1,1,5,3,0,16.76,0,19,Production Technician I,MA,1810,1983-07-20,M ,Single,US Citizen,No,Two or more races,2012-02-20,,N/A - still employed,Active,Production       ,Kelley Spirea,18,Social Networks - Facebook Twitter etc,Fully Meets,1.41,4,0,2019-02-14,0
"Carey, Michael  ",1311063114,0,0,1,1,5,3,0,20,0,19,Production Technician I,MA,1701,1983-02-02,M ,Single,US Citizen,No,Black or African American,2014-03-31,,N/A - still employed,Active,Production       ,Kelley Spirea,18,MBTA ads,Fully Meets,4.43,3,0,2019-02-01,0
"Cornett, Lisa ",1403066069,1,1,0,1,5,3,0,15.75,0,19,Production Technician I,MA,2189,1977-03-31,F,Married,US Citizen,Yes,White,2015-01-05,,N/A - still employed,Active,Production       ,Kelley Spirea,18,Billboard,Fully Meets,4.73,5,0,2019-02-14,0
"Engdahl, Jean",1007020403,0,0,1,1,5,3,0,21.25,0,19,Production Technician I,MA,2026,1974-05-31,M ,Single,US Citizen,No,White,2014-11-10,,N/A - still employed,Active,Production       ,Kelley Spirea,18,MBTA ads,Fully Meets,1.86,5,0,2019-02-13,0
"England, Rex",1101023612,1,1,1,1,5,3,0,21,0,19,Production Technician I,MA,2045,1978-08-25,M ,Married,US Citizen,No,White,2014-03-31,,N/A - still employed,Active,Production       ,Kelley Spirea,18,Employee Referral,Fully Meets,2.05,3,0,2019-01-11,0
"Gaul, Barbara",1105026041,0,0,0,1,5,3,0,24,0,19,Production Technician I,MA,2121,1983-12-02,F,Single,US Citizen,Yes,Black or African American,2011-05-16,,N/A - still employed,Active,Production       ,Kelley Spirea,18,MBTA ads,Fully Meets,1.66,4,0,2019-02-26,0
"Gross, Paula",1103024859,0,2,0,5,5,3,0,14,1,19,Production Technician I,MA,2176,1983-05-21,F,Divorced,US Citizen,No,White,2011-02-21,2014-01-11,more money,Voluntarily Terminated,Production       ,Kelley Spirea,18,Monster.com,Fully Meets,5,5,0,,
"Jhaveri, Sneha  ",1412071713,0,3,0,1,5,3,0,19,0,19,Production Technician I,MA,2109,1964-04-13,F,Separated,US Citizen,No,White,2014-01-06,,N/A - still employed,Active,Production       ,Kelley Spirea,18,On-campus Recruiting,Fully Meets,5,5,0,2019-01-21,0
"LeBel, Jonathan  R",1107027575,0,0,1,4,5,3,0,15,1,19,Production Technician I,MA,2050,1981-10-18,M ,Single,US Citizen,No,White,2011-02-21,2011-08-04,attendance,Terminated for Cause,Production       ,Kelley Spirea,18,Social Networks - Facebook Twitter etc,Fully Meets,5,4,0,,
"Meads, Elizabeth",1409070245,0,0,0,5,5,3,1,14,1,19,Production Technician I,MA,1760,1968-05-30,F,Single,US Citizen,No,Black or African American,2012-04-02,2015-11-11,Another position,Voluntarily Terminated,Production       ,Kelley Spirea,18,Diversity Job Fair,Fully Meets,4.18,4,0,,
"Osturnka, Adeel",1404066949,1,1,1,1,5,4,0,16,0,19,Production Technician I,MA,2478,1976-12-11,M ,Married,US Citizen,No,White,2013-09-30,,N/A - still employed,Active,Production       ,Kelley Spirea,18,On-campus Recruiting,Exceeds,2.86,3,0,2019-02-07,0
"Punjabhi, Louis  ",1401064562,0,0,1,1,5,3,0,16,0,19,Production Technician I,MA,2109,1961-06-19,M ,Single,US Citizen,No,White,2014-01-06,,N/A - still employed,Active,Production       ,Kelley Spirea,18,Employee Referral,Fully Meets,2.45,3,0,2019-01-07,0
"Saar-Beckles, Melinda",1410070998,0,0,0,2,5,2,1,20,0,19,Production Technician I,MA,1801,1968-06-06,F,Single,US Citizen,No,Black or African American,2016-07-04,,N/A - Has not started yet,Future Start,Production       ,Kelley Spirea,18,Diversity Job Fair,Needs Improvement,1.12,4,0,2019-02-18,0
"Stoica, Rick",1106026896,1,1,1,1,5,3,0,22,0,19,Production Technician I,MA,2301,1985-03-14,M ,Married,US Citizen,No,Asian,2014-02-17,,N/A - still employed,Active,Production       ,Kelley Spirea,18,On-campus Recruiting,Fully Meets,1.39,3,0,2019-01-11,0
"Volk, Colleen",1011022814,1,1,0,4,5,4,0,21,1,19,Production Technician I,MA,2747,1986-06-03,F,Married,US Citizen,No,White,2011-09-26,2016-02-08,gross misconduct,Terminated for Cause,Production       ,Kelley Spirea,18,Social Networks - Facebook Twitter etc,Exceeds,2.79,5,0,,
"Athwal, Sam",1301052124,0,4,1,1,5,3,0,22,0,19,Production Technician I,MA,2199,1983-02-18,M ,Widowed,US Citizen,No,White,2013-09-30,,N/A - still employed,Active,Production       ,Ketsia Liebig,19,Employee Referral,Fully Meets,5,4,0,2019-02-25,0
"Biden, Lowan  M",1412071844,0,2,0,1,5,3,0,22,0,19,Production Technician I,MA,2027,1958-12-27,F,Divorced,US Citizen,No,Asian,2013-08-19,,N/A - still employed,Active,Production       ,Ketsia Liebig,19,Billboard,Fully Meets,2.39,3,0,2019-01-10,0
"Cierpiszewski, Caroline  ",1012023295,0,0,0,1,5,3,0,22,0,19,Production Technician I,MA,2044,1988-05-31,F,Single,Non-Citizen,No,Black or African American,2011-10-03,,N/A - still employed,Active,Production       ,Ketsia Liebig,19,Pay Per Click - Google,Fully Meets,3.58,5,0,2019-01-30,0
"Dickinson, Geoff ",706006285,0,0,1,1,5,3,0,21,0,19,Production Technician I,MA,2180,1982-11-15,M ,Single,US Citizen,No,White,2014-05-12,,N/A - still employed,Active,Production       ,Ketsia Liebig,19,Pay Per Click - Google,Fully Meets,1.13,4,0,2019-02-19,0
"Ferreira, Violeta",803009012,0,0,0,1,5,3,0,23,0,19,Production Technician I,MA,2176,1986-06-10,F,Single,US Citizen,No,White,2012-02-20,,N/A - still employed,Active,Production       ,Ketsia Liebig,19,Newspager/Magazine,Fully Meets,1.85,4,0,2019-01-07,0
"Gold, Shenice  ",1408069539,0,0,0,1,5,3,0,17,0,19,Production Technician I,MA,2451,1992-06-18,F,Single,US Citizen,Yes,White,2013-11-11,,N/A - still employed,Active,Production       ,Ketsia Liebig,19,Glassdoor,Fully Meets,1.94,5,0,2019-02-18,0
"Heitzman, Anthony",1002017900,0,0,1,1,5,3,0,19,0,19,Production Technician I,MA,2149,1984-01-04,M ,Single,US Citizen,No,White,2012-08-13,,N/A - still employed,Active,Production       ,Ketsia Liebig,19,Social Networks - Facebook Twitter etc,Fully Meets,4.17,4,0,2019-02-11,0
"Knapp, Bradley  J",1304055683,0,0,1,1,5,3,0,14,0,19,Production Technician I,MA,1721,1977-11-10,M ,Single,US Citizen,No,Black or African American,2014-02-17,,N/A - still employed,Active,Production       ,Ketsia Liebig,19,On-campus Recruiting,Fully Meets,2.79,3,0,2019-02-06,0
"Mahoney, Lauren  ",1209049259,0,0,0,1,5,3,0,17,0,19,Production Technician I,MA,2189,1986-07-07,F,Single,US Citizen,No,White,2014-01-06,,N/A - still employed,Active,Production       ,Ketsia Liebig,19,Newspager/Magazine,Fully Meets,2.55,4,0,2019-02-26,0
"Newman, Richard ",1302053044,1,1,1,3,5,3,0,21,0,19,Production Technician I,MA,2136,1977-04-08,M ,Married,US Citizen,No,White,2014-05-12,,N/A - still employed,Leave of Absence,Production       ,Ketsia Liebig,19,On-campus Recruiting,Fully Meets,5,5,0,2019-02-18,0
"Peterson, Kayla ",1307059944,1,1,0,1,5,3,0,17,0,19,Production Technician I,MA,1749,1973-09-23,F,Married,US Citizen,No,White,2010-04-26,,N/A - still employed,Active,Production       ,Ketsia Liebig,19,Search Engine - Google Bing Yahoo,Fully Meets,2.72,3,0,2019-01-21,0
"Robinson, Cherly",1403065625,1,1,0,4,5,2,0,16,1,19,Production Technician I,MA,1460,1985-01-07,F,Married,US Citizen,No,White,2011-01-10,2016-05-17,attendance,Terminated for Cause,Production       ,Ketsia Liebig,19,Glassdoor,Needs Improvement,3.6,3,0,,
"Smith, Sade",1501071909,0,0,0,1,5,3,0,24.5,0,19,Production Technician I,MA,2130,1965-02-02,F,Single,US Citizen,No,White,2013-11-11,,N/A - still employed,Active,Production       ,Ketsia Liebig,19,Employee Referral,Fully Meets,3.73,3,0,2019-01-24,0
"Tinto, Theresa  ",1103024504,0,2,0,5,5,3,0,20,1,19,Production Technician I,MA,1876,1983-07-30,F,Divorced,US Citizen,No,White,2011-01-10,2011-05-14,Another position,Voluntarily Terminated,Production       ,Ketsia Liebig,19,Social Networks - Facebook Twitter etc,Fully Meets,2.81,5,0,,
"Williams, Jacquelyn  ",1308060671,0,0,0,5,5,3,1,16,1,19,Production Technician I,MA,2109,1969-10-02,F,Single,US Citizen,Yes,Two or more races,2012-01-09,2015-06-27,relocation out of area,Voluntarily Terminated,Production       ,Ketsia Liebig,19,Diversity Job Fair,Fully Meets,1.44,4,0,,
"Barbara, Thomas",1312063507,1,1,1,5,5,3,1,22,1,19,Production Technician I,MA,2062,1974-02-21,M ,Married,US Citizen,Yes,Asian,2012-04-02,2012-09-19,unhappy,Voluntarily Terminated,Production       ,Kissy Sullivan,20,Diversity Job Fair,Fully Meets,1.98,3,0,,
"Bugali, Josephine ",1408069635,0,3,0,3,5,3,1,20,0,19,Production Technician I,MA,2043,1969-10-30,F,Separated,US Citizen,No,Black or African American,2013-11-11,,N/A - still employed,Leave of Absence,Production       ,Kissy Sullivan,20,Diversity Job Fair,Fully Meets,2.83,5,0,2019-01-21,0
"Cole, Spencer",1001450968,0,0,1,4,5,2,0,15,1,19,Production Technician I,MA,1880,1979-08-12,M ,Single,US Citizen,No,Black or African American,2011-07-11,2012-09-23,performance,Terminated for Cause,Production       ,Kissy Sullivan,20,MBTA ads,Needs Improvement,1.42,3,0,,
"Eaton, Marianne",1406067865,1,1,0,5,5,3,0,17,1,19,Production Technician I,MA,2343,1991-09-05,F,Married,US Citizen,No,White,2011-04-04,2013-06-06,military,Voluntarily Terminated,Production       ,Kissy Sullivan,20,Search Engine - Google Bing Yahoo,Fully Meets,5,3,0,,
"Garneau, Hamish",1104025414,0,0,1,1,5,3,0,18,0,19,Production Technician I,MA,1550,1980-04-18,M ,Single,US Citizen,No,Asian,2013-07-08,,N/A - still employed,Active,Production       ,Kissy Sullivan,20,Professional Society,Fully Meets,2.61,4,0,2019-01-22,0
"Goyal, Roxana",1312063675,1,1,0,3,5,3,0,24,0,19,Production Technician I,MA,1864,1974-10-09,F,Married,US Citizen,No,Asian,2013-08-19,,N/A - still employed,Leave of Absence,Production       ,Kissy Sullivan,20,On-campus Recruiting,Fully Meets,1.71,5,0,2019-02-15,0
"Jacobi, Hannah  ",1503072857,0,2,0,1,5,3,0,21,0,19,Production Technician I,MA,1778,1966-03-22,F,Divorced,US Citizen,No,White,2013-09-30,,N/A - still employed,Active,Production       ,Kissy Sullivan,20,Employee Referral,Fully Meets,2.05,5,0,2019-02-22,0
"Leach, Dallas",1408069409,0,0,0,5,5,3,0,19,1,19,Production Technician I,MA,1810,1979-01-17,F,Single,US Citizen,No,Asian,2011-09-26,2013-08-19,return to school,Voluntarily Terminated,Production       ,Kissy Sullivan,20,Monster.com,Fully Meets,4.88,3,0,,
"Mckenna, Sandy",909015167,1,1,0,1,5,3,0,24,0,19,Production Technician I,MA,2184,1987-01-07,F,Married,US Citizen,No,Black or African American,2013-01-07,,N/A - still employed,Active,Production       ,Kissy Sullivan,20,Monster.com,Fully Meets,3.93,3,0,2019-01-30,0
"O'hare, Lynn",1206044851,0,0,0,4,5,1,0,18.5,1,19,Production Technician I,MA,2152,1980-09-30,F,Single,US Citizen,No,Two or more races,2014-03-31,2016-05-01,performance,Terminated for Cause,Production       ,Kissy Sullivan,20,Professional Society,PIP,3.09,2,0,,
"Power, Morissa",1102024274,0,2,0,5,5,3,0,19,1,19,Production Technician I,MA,1742,1984-10-15,F,Divorced,Eligible NonCitizen,No,Asian,2011-05-16,2011-06-04,Another position,Voluntarily Terminated,Production       ,Kissy Sullivan,20,Social Networks - Facebook Twitter etc,Fully Meets,3.17,4,0,,
"Purinton, Janine",1011022926,0,2,0,5,5,3,0,16,1,19,Production Technician I,MA,2474,1970-09-22,F,Divorced,US Citizen,No,White,2012-09-24,2013-06-18,unhappy,Voluntarily Terminated,Production       ,Kissy Sullivan,20,Billboard,Fully Meets,1.5,5,0,,
"Rossetti, Bruno",1405067492,0,0,1,5,5,3,0,18,1,19,Production Technician I,MA,2155,1987-03-18,M ,Single,US Citizen,No,White,2011-04-04,2012-08-13,Another position,Voluntarily Terminated,Production       ,Kissy Sullivan,20,Search Engine - Google Bing Yahoo,Fully Meets,5,5,0,,
"Stanford,Barbara  M",1111030244,0,2,0,1,5,3,0,14,0,19,Production Technician I,MA,2050,1982-08-25,F,Divorced,US Citizen,No,Two or more races,2011-01-10,,N/A - still employed,Active,Production       ,Kissy Sullivan,20,Word of Mouth,Fully Meets,1.05,4,0,2019-02-07,0
"Veera, Abdellah ",1203032235,0,2,1,5,5,4,0,19,1,19,Production Technician I,MA,2171,1987-01-31,M ,Divorced,US Citizen,No,White,2012-08-13,2016-02-05,maternity leave - did not return,Voluntarily Terminated,Production       ,Kissy Sullivan,20,Information Session,Exceeds,3.84,5,0,,
"Adinolfi, Wilson  K",1409070522,0,0,1,1,5,4,0,20,0,19,Production Technician I,MA,1960,1983-07-10,M ,Single,US Citizen,No,White,2011-07-05,,N/A - still employed,Active,Production       ,Michael Albert,22,MBTA ads,Exceeds,2.51,5,0,2019-01-17,0
"Barton, Nader",1212051962,0,2,1,5,5,3,0,18,1,19,Production Technician I,MA,2747,1977-07-15,M ,Divorced,US Citizen,No,White,2012-09-24,2013-04-06,Another position,Voluntarily Terminated,Production       ,Michael Albert,22,On-line Web application,Fully Meets,5,5,0,,
"Chace, Beatrice ",1208048062,0,0,0,1,5,3,0,16,0,19,Production Technician I,MA,2763,1951-01-02,F,Single,US Citizen,No,White,2014-09-29,,N/A - still employed,Active,Production       ,Michael Albert,22,Search Engine - Google Bing Yahoo,Fully Meets,5,4,0,2019-02-12,0
"Crimmings,   Jean",1311063172,0,0,0,2,5,3,0,19.75,0,19,Production Technician I,MA,1821,1987-04-10,F,Single,US Citizen,No,White,2016-07-06,,N/A - Has not started yet,Future Start,Production       ,Michael Albert,22,Newspager/Magazine,Fully Meets,4.12,5,0,2019-01-28,0
"Estremera, Miguel",1104025243,0,0,1,4,5,2,0,17,1,19,Production Technician I,MA,2129,1983-09-02,M ,Single,US Citizen,No,White,2012-04-02,2014-09-27,attendance,Terminated for Cause,Production       ,Michael Albert,22,Word of Mouth,Needs Improvement,5,4,0,,
"Gentry, Mildred",1501072192,1,1,0,1,5,3,0,19,0,19,Production Technician I,MA,2145,1990-10-01,F,Married,US Citizen,No,Black or African American,2015-03-30,,N/A - still employed,Active,Production       ,Michael Albert,22,Professional Society,Fully Meets,3.73,3,0,2019-01-16,0
"Handschiegl, Joanne",1405067064,1,1,0,1,5,3,0,24,0,19,Production Technician I,MA,2127,1977-03-23,F,Married,US Citizen,No,White,2011-11-28,,N/A - still employed,Active,Production       ,Michael Albert,22,Word of Mouth,Fully Meets,4.2,4,0,2019-02-22,0
"Johnson, George",1105025721,1,1,1,5,5,4,0,17,1,19,Production Technician I,MA,2445,1959-08-19,M ,Married,US Citizen,No,White,2011-11-07,2016-04-29,more money,Voluntarily Terminated,Production       ,Michael Albert,22,Monster.com,Exceeds,1.65,4,0,,
"Keatts, Kramer ",1301052462,0,0,1,1,5,3,0,19,0,19,Production Technician I,MA,1887,1976-01-19,M ,Single,US Citizen,No,White,2013-09-30,,N/A - still employed,Active,Production       ,Michael Albert,22,Billboard,Fully Meets,3.07,4,0,2019-01-23,0
"Linares, Marilyn ",1206042315,1,1,0,5,5,3,0,15.25,1,19,Production Technician I,MA,1886,1981-03-26,F,Married,US Citizen,No,White,2011-07-05,2011-09-26,unhappy,Voluntarily Terminated,Production       ,Michael Albert,22,Internet Search,Fully Meets,3.18,4,0,,
"Medeiros, Jennifer",1109029256,0,0,0,1,5,3,0,20,0,19,Production Technician I,MA,2346,1976-09-22,F,Single,US Citizen,No,White,2015-03-30,,N/A - still employed,Active,Production       ,Michael Albert,22,Monster.com,Fully Meets,5,4,0,2019-01-21,0
"Owad, Clinton",1103024335,0,0,1,1,5,2,0,22,0,19,Production Technician I,MA,1760,1979-11-24,M ,Single,US Citizen,No,Black or African American,2014-02-17,,N/A - still employed,Active,Production       ,Michael Albert,22,MBTA ads,Needs Improvement,4.25,3,0,2019-02-04,0
"Rarrick, Quinn",1208048229,0,2,1,5,5,3,0,21,1,19,Production Technician I,MA,2478,1984-12-31,M ,Divorced,US Citizen,No,White,2011-09-26,2012-04-07,more money,Voluntarily Terminated,Production       ,Michael Albert,22,Pay Per Click - Google,Fully Meets,3.8,5,0,,
"Sadki, Nore  ",1308060535,0,0,1,5,5,3,0,21,1,19,Production Technician I,MA,2148,1974-12-21,M ,Single,US Citizen,No,White,2009-01-05,2010-07-30,relocation out of area,Voluntarily Terminated,Production       ,Michael Albert,22,Word of Mouth,Fully Meets,1.53,5,0,,
"Sullivan, Timothy",1201031310,1,1,1,1,5,3,0,19,0,19,Production Technician I,MA,2747,1982-10-07,M ,Married,US Citizen,Yes,White,2015-01-05,,N/A - still employed,Active,Production       ,Michael Albert,22,Word of Mouth,Fully Meets,4.36,5,0,2019-01-24,0
"Von Massenbach, Anna",1106026474,0,0,0,2,5,3,0,20,0,19,Production Technician I,MA,2124,1985-04-06,F,Single,US Citizen,No,White,2015-07-05,,N/A - Has not started yet,Future Start,Production       ,Michael Albert,22,Newspager/Magazine,Fully Meets,3.21,3,0,2019-01-29,0
"Anderson, Carol ",1001417624,0,2,0,5,5,3,0,16,1,19,Production Technician I,MA,2169,1989-09-08,F,Divorced,US Citizen,No,White,2011-07-11,2011-09-06,return to school,Voluntarily Terminated,Production       ,Webster Butler,39,Word of Mouth,Fully Meets,5,4,0,,
"Becker, Scott",1110029777,0,0,1,3,5,3,0,17,0,19,Production Technician I,MA,2452,1979-04-06,M ,Single,US Citizen,No,Asian,2013-07-08,,N/A - still employed,Leave of Absence,Production       ,Webster Butler,,MBTA ads,Fully Meets,1.09,4,0,2019-01-11,0
"Chang, Donovan  E",1111030129,0,0,1,1,5,3,0,22,0,19,Production Technician I,MA,1845,1983-08-24,M ,Single,US Citizen,No,White,2013-07-08,,N/A - still employed,Active,Production       ,Webster Butler,,Newspager/Magazine,Fully Meets,3.8,5,0,2019-01-14,0
"DeGweck,  James",1306058816,1,1,1,5,5,3,0,23.5,1,19,Production Technician I,MA,1810,1977-10-31,M ,Married,US Citizen,No,White,2011-05-16,2015-06-08,unhappy,Voluntarily Terminated,Production       ,Webster Butler,39,Billboard,Fully Meets,5,4,0,,
"Ferguson, Susan",1502072511,1,1,0,5,5,3,0,20,1,19,Production Technician I,MA,2176,1955-04-14,F,Married,US Citizen,No,White,2011-11-07,2014-05-17,military,Voluntarily Terminated,Production       ,Webster Butler,39,Search Engine - Google Bing Yahoo,Fully Meets,3.13,3,0,,
"Gilles, Alex",1008020960,1,1,1,5,5,2,1,15,1,19,Production Technician I,MA,2062,1974-08-09,M ,Married,US Citizen,No,Black or African American,2012-04-02,2015-06-25,military,Voluntarily Terminated,Production       ,Webster Butler,39,Diversity Job Fair,Needs Improvement,3.97,4,0,,
"Harrington, Christie ",1110029602,0,0,0,5,5,3,0,19.75,1,19,Production Technician I,MA,2324,1952-08-18,F,Single,US Citizen,No,White,2012-01-09,2015-12-15,retiring,Voluntarily Terminated,Production       ,Webster Butler,39,Monster.com,Fully Meets,4.64,4,0,,
"Kinsella, Kathleen  ",710007401,1,1,0,5,5,3,0,22,1,19,Production Technician I,MA,2170,1973-12-08,F,Married,US Citizen,No,White,2011-09-26,2015-06-04,more money,Voluntarily Terminated,Production       ,Webster Butler,39,Search Engine - Google Bing Yahoo,Fully Meets,3.6,5,0,,
"Lynch, Lindsay",1001138521,0,0,0,5,5,4,1,19,1,19,Production Technician I,MA,1844,1973-02-14,F,Single,US Citizen,Yes,Two or more races,2011-11-07,2015-11-14,Another position,Voluntarily Terminated,Production       ,Webster Butler,39,Diversity Job Fair,Exceeds,5,4,0,,
"Ndzi, Colombui",1204033041,0,0,1,5,5,3,1,18,1,19,Production Technician I,MA,2110,1989-05-02,M ,Single,US Citizen,No,Black or African American,2011-09-26,2014-04-04,return to school,Voluntarily Terminated,Production       ,Webster Butler,39,Diversity Job Fair,Fully Meets,2.61,3,0,,
"Pelech, Emil",1307060058,0,0,1,5,5,2,0,24,1,19,Production Technician I,MA,2458,1988-03-17,M ,Single,US Citizen,No,Black or African American,2011-01-10,2012-12-28,career change,Voluntarily Terminated,Production       ,Webster Butler,39,Search Engine - Google Bing Yahoo,Needs Improvement,3.54,5,0,,
"Rivera, Haley  ",1405067642,1,1,0,1,5,4,0,22,0,19,Production Technician I,MA,2171,1973-01-12,F,Married,US Citizen,No,Asian,2011-11-28,,N/A - still employed,Active,Production       ,Webster Butler,,Search Engine - Google Bing Yahoo,Exceeds,4.36,5,0,2019-02-11,0
"Sewkumar, Nori",807010161,0,0,0,3,5,3,0,15.2,0,19,Production Technician I,MA,2191,1975-03-10,F,Single,US Citizen,No,Asian,2013-09-30,,N/A - still employed,Leave of Absence,Production       ,Webster Butler,,Search Engine - Google Bing Yahoo,Fully Meets,5,5,0,2019-02-21,0
"Tavares, Desiree  ",1405067501,1,1,0,5,5,3,1,15,1,19,Production Technician I,MA,1801,1975-04-03,F,Married,Non-Citizen,No,Two or more races,2009-04-27,2013-04-01,Another position,Voluntarily Terminated,Production       ,Webster Butler,39,Diversity Job Fair,Fully Meets,2.52,5,0,,
"Whittier, Scott",1307060212,0,0,1,5,5,3,0,23,1,19,Production Technician I,MA,2030,1987-05-24,M ,Single,US Citizen,Yes,White,2011-01-10,2011-05-15,hours,Voluntarily Terminated,Production       ,Webster Butler,39,Newspager/Magazine,Fully Meets,5,5,0,,
"Burke, Joelle",1011022820,0,0,0,1,5,3,0,25,0,20,Production Technician II,MA,2148,1980-03-02,F,Single,US Citizen,No,Black or African American,2012-03-05,,N/A - still employed,Active,Production       ,Amy Dunn,11,Employee Referral,Fully Meets,4.51,4,0,2019-02-21,0
"Fitzpatrick, Michael  J",1109029103,0,0,1,5,5,3,0,29,1,20,Production Technician II,MA,2143,1981-10-01,M ,Single,US Citizen,Yes,White,2011-05-16,2013-06-24,hours,Voluntarily Terminated,Production       ,Amy Dunn,11,Social Networks - Facebook Twitter etc,Fully Meets,4.76,5,0,,
"Huynh, Ming",1306058509,0,2,0,5,5,3,0,23,1,20,Production Technician II,MA,1742,1976-09-22,F,Divorced,US Citizen,No,White,2011-02-21,2013-04-01,unhappy,Voluntarily Terminated,Production       ,Amy Dunn,11,Search Engine - Google Bing Yahoo,Fully Meets,3.72,3,0,,
"Mancuso, Karen",1304055986,1,1,0,5,5,3,0,23,1,20,Production Technician II,MA,2176,1986-12-10,F,Married,US Citizen,No,Two or more races,2011-07-05,2011-08-19,Another position,Voluntarily Terminated,Production       ,Amy Dunn,11,Newspager/Magazine,Fully Meets,5,4,0,,
"Pelletier, Ermine",1202031821,1,1,0,5,5,2,0,28,1,20,Production Technician II,MA,2472,1989-07-18,F,Married,US Citizen,No,Asian,2011-07-05,2011-09-15,unhappy,Voluntarily Terminated,Production       ,Amy Dunn,11,Monster.com,Needs Improvement,1.03,5,0,,
"Trzeciak, Cybil",1107027551,0,0,0,5,5,3,0,22,1,20,Production Technician II,MA,1778,1985-03-15,F,Single,US Citizen,No,White,2011-01-10,2012-07-02,unhappy,Voluntarily Terminated,Production       ,Amy Dunn,11,Vendor Referral,Fully Meets,1.3,3,0,,
"Cloninger, Jennifer",1012023226,1,1,0,5,5,3,0,25,1,20,Production Technician II,MA,1752,1981-08-31,F,Married,US Citizen,No,White,2011-05-16,2013-01-07,unhappy,Voluntarily Terminated,Production       ,Brannon Miller,12,Word of Mouth,Fully Meets,1.16,5,0,,
"Gonzalez, Juan",1411071324,1,1,1,5,5,1,1,29,1,20,Production Technician II,MA,2128,1964-10-12,M ,Married,US Citizen,No,Black or African American,2010-04-26,2011-05-30,career change,Voluntarily Terminated,Production       ,Brannon Miller,12,Diversity Job Fair,PIP,4.35,3,0,,
"Johnston, Yen",1306057810,0,0,0,1,5,4,0,25,0,20,Production Technician II,MA,2128,1969-09-08,F,Single,US Citizen,No,White,2014-07-07,,N/A - still employed,Active,Production       ,Brannon Miller,12,Professional Society,Exceeds,1.51,3,0,2019-01-11,0
"Miller, Ned",1205033439,0,0,1,5,5,1,0,25,1,20,Production Technician II,MA,2472,1985-06-29,M ,Single,US Citizen,No,White,2011-08-15,2014-09-04,unhappy,Voluntarily Terminated,Production       ,Brannon Miller,12,MBTA ads,PIP,5,2,0,,
"Petingill, Shana  ",1103024843,1,1,0,1,5,3,0,26,0,20,Production Technician II,MA,2050,1979-03-10,F,Married,Eligible NonCitizen,No,Asian,2012-04-02,,N/A - still employed,Active,Production       ,Brannon Miller,12,MBTA ads,Fully Meets,2.61,3,0,2019-01-14,0
"Winthrop, Jordan  ",1405067188,0,0,1,5,5,4,0,29,1,20,Production Technician II,MA,2045,1958-11-07,M ,Single,US Citizen,No,White,2013-01-07,2016-02-21,retiring,Voluntarily Terminated,Production       ,Brannon Miller,12,Professional Society,Exceeds,1.67,3,0,,
"Close, Phil",1209048697,1,1,1,5,5,3,0,26,1,20,Production Technician II,MA,2169,1978-11-25,M ,Married,US Citizen,No,White,2010-08-30,2011-09-26,career change,Voluntarily Terminated,Production       ,David Stanley,14,Other,Fully Meets,1.3,4,0,,
"Good, Susan",1001549006,1,1,0,3,5,3,0,24.25,0,20,Production Technician II,MA,1886,1986-05-25,F,Married,US Citizen,No,White,2014-05-12,,N/A - still employed,Leave of Absence,Production       ,David Stanley,14,Professional Society,Fully Meets,2.04,3,0,2019-02-07,0
"Langford, Lindsey",1010022030,0,2,0,5,5,3,0,22,1,20,Production Technician II,MA,2090,1979-07-25,F,Divorced,US Citizen,No,Asian,2013-01-07,2014-03-31,Another position,Voluntarily Terminated,Production       ,David Stanley,14,Glassdoor,Fully Meets,4.52,3,0,,
"Monkfish, Erasumus",1404066711,1,1,1,1,5,3,0,27,0,20,Production Technician II,MA,1450,1992-08-17,M ,Married,US Citizen,No,White,2011-11-07,,N/A - still employed,Active,Production       ,David Stanley,14,Professional Society,Fully Meets,2.67,3,0,2019-01-08,0
"Roberson, May",1402065340,0,2,0,5,5,3,0,26,1,20,Production Technician II,MA,1902,1981-09-05,F,Divorced,Eligible NonCitizen,No,White,2011-09-26,2011-10-22,return to school,Voluntarily Terminated,Production       ,David Stanley,14,Search Engine - Google Bing Yahoo,Fully Meets,2.19,4,0,,
"Wolk, Hang  T",1205033180,0,0,0,1,5,3,0,22,0,20,Production Technician II,MA,2302,1985-04-20,F,Single,US Citizen,No,White,2014-09-29,,N/A - still employed,Active,Production       ,David Stanley,14,Newspager/Magazine,Fully Meets,3.4,4,0,2019-02-21,0
"Bondwell, Betsy",1008021030,0,0,0,5,5,3,0,26,1,20,Production Technician II,MA,2210,1967-01-16,F,Single,US Citizen,No,White,2011-01-10,2014-04-04,career change,Voluntarily Terminated,Production       ,Elijiah Gray,16,Search Engine - Google Bing Yahoo,Fully Meets,1.38,5,0,,
"Faller, Megan ",1108028428,1,1,0,1,5,3,0,27,0,20,Production Technician II,MA,1824,1978-09-22,F,Married,US Citizen,No,Black or African American,2014-07-07,,N/A - still employed,Active,Production       ,Elijiah Gray,16,Professional Society,Fully Meets,1.49,5,0,2019-02-22,0
"Hunts, Julissa",1106026433,0,0,0,2,5,3,0,25,0,20,Production Technician II,MA,2021,1984-03-11,F,Single,US Citizen,No,White,2016-06-06,,N/A - Has not started yet,Future Start,Production       ,Elijiah Gray,16,Vendor Referral,Fully Meets,2.92,5,0,2019-01-18,0
"Lunquist, Lisa",1001504432,0,0,0,1,5,4,0,26.1,0,20,Production Technician II,MA,2324,1982-03-28,F,Single,US Citizen,No,Black or African American,2013-08-19,,N/A - still employed,Active,Production       ,Elijiah Gray,16,Glassdoor,Exceeds,1.64,4,0,2019-02-12,0
"Nowlan, Kristie",1104025435,0,0,0,1,5,3,0,26.39,0,20,Production Technician II,MA,1040,1985-11-23,F,Single,US Citizen,No,White,2014-11-10,,N/A - still employed,Active,Production       ,Elijiah Gray,16,Glassdoor,Fully Meets,4.53,5,0,2019-01-16,0
"Smith, Joe",1001970770,0,0,1,1,5,4,0,22,0,20,Production Technician II,MA,2045,1963-10-30,M ,Single,US Citizen,No,White,2014-09-29,,N/A - still employed,Active,Production       ,Elijiah Gray,16,Pay Per Click - Google,Exceeds,2.41,3,0,2019-01-28,0
"Tejeda, Lenora ",1406068345,1,1,0,5,5,3,0,28.75,1,20,Production Technician II,MA,2129,1953-05-24,F,Married,US Citizen,No,White,2011-05-16,2012-07-08,Another position,Voluntarily Terminated,Production       ,Elijiah Gray,16,Search Engine - Google Bing Yahoo,Fully Meets,3.93,3,0,,
"Beak, Kimberly  ",1303054329,1,1,0,2,5,4,0,27,0,20,Production Technician II,MA,2145,1966-04-17,F,Married,US Citizen,No,White,2016-07-21,,N/A - Has not started yet,Future Start,Production       ,Kelley Spirea,18,Employee Referral,Exceeds,2.7,3,0,2019-01-14,0
"Demita, Carla",1104025179,0,3,0,5,5,3,0,29,1,20,Production Technician II,MA,2343,1951-02-25,F,Separated,US Citizen,No,Black or African American,2011-04-04,2015-11-04,more money,Voluntarily Terminated,Production       ,Kelley Spirea,18,Search Engine - Google Bing Yahoo,Fully Meets,4.62,5,0,,
"Hankard, Earnest",1307059937,0,0,1,1,5,3,0,24,0,20,Production Technician II,MA,2155,1988-08-10,M ,Single,US Citizen,Yes,White,2013-11-11,,N/A - still employed,Active,Production       ,Kelley Spirea,18,Newspager/Magazine,Fully Meets,5,3,0,2019-01-08,0
"Hendrickson, Trina",1011022932,0,0,0,5,5,3,0,24,1,20,Production Technician II,MA,2021,1972-08-27,F,Single,US Citizen,No,White,2011-01-10,2013-02-18,hours,Voluntarily Terminated,Production       ,Kelley Spirea,18,Monster.com,Fully Meets,5,3,0,,
"Linden, Mathew",1405067565,1,1,1,3,5,3,0,22,0,20,Production Technician II,MA,1770,1979-03-19,M ,Married,US Citizen,No,White,2013-07-08,,N/A - still employed,Leave of Absence,Production       ,Kelley Spirea,18,Information Session,Fully Meets,4,3,0,2019-02-18,0
"Moran, Patrick",1408069503,0,0,1,3,5,3,1,26,0,20,Production Technician II,MA,2127,1976-12-03,M ,Single,US Citizen,No,Hispanic,2012-01-09,,N/A - still employed,Leave of Absence,Production       ,Kelley Spirea,18,Diversity Job Fair,Fully Meets,2.5,4,0,2019-01-31,0
"Sahoo, Adil",1106026462,1,1,1,1,5,3,0,29,0,20,Production Technician II,MA,2062,1986-04-26,M ,Married,US Citizen,No,White,2010-08-30,,N/A - still employed,Active,Production       ,Kelley Spirea,18,Monster.com,Fully Meets,2.08,3,0,2019-01-10,0
"Burkett, Benjamin ",1301052449,1,1,1,1,5,3,0,26,0,20,Production Technician II,MA,1890,1977-08-19,M ,Married,US Citizen,No,White,2011-04-04,,N/A - still employed,Active,Production       ,Ketsia Liebig,19,Careerbuilder,Fully Meets,3.25,5,0,2019-01-14,0
"Foreman, Tanya",1012023204,1,1,0,5,5,3,0,24,1,20,Production Technician II,MA,2170,1983-11-08,F,Married,US Citizen,No,White,2011-04-04,2012-01-09,career change,Voluntarily Terminated,Production       ,Ketsia Liebig,19,Word of Mouth,Fully Meets,3.66,3,0,,
"Jeannite, Tayana",1008020942,0,2,0,1,5,4,0,22.5,0,20,Production Technician II,MA,1821,1986-11-06,F,Divorced,US Citizen,No,American Indian or Alaska Native,2011-07-05,,N/A - still employed,Active,Production       ,Ketsia Liebig,19,MBTA ads,Exceeds,4.6,4,0,2019-02-25,0
"McCarthy, Brigit",1406067957,0,0,0,1,5,3,0,26,0,20,Production Technician II,MA,2149,1987-05-21,F,Single,US Citizen,No,White,2015-03-30,,N/A - still employed,Active,Production       ,Ketsia Liebig,19,Newspager/Magazine,Fully Meets,5,5,0,2019-02-07,0
"Peters, Lauren",1411071406,1,1,0,5,5,4,0,29,1,20,Production Technician II,MA,1886,1986-08-17,F,Married,US Citizen,No,White,2011-05-16,2012-02-04,more money,Voluntarily Terminated,Production       ,Ketsia Liebig,19,Pay Per Click - Google,Exceeds,1.79,5,0,,
"Walker, Roger",1011022818,0,0,1,1,5,3,0,22,0,20,Production Technician II,MA,2459,1976-02-10,M ,Single,US Citizen,No,Black or African American,2014-08-18,,N/A - still employed,Active,Production       ,Ketsia Liebig,19,Employee Referral,Fully Meets,3.11,5,0,2019-02-12,0
"Akinkuolie, Sarah",1005019209,1,1,0,5,5,3,0,29,1,20,Production Technician II,MA,1810,1988-09-19,F,Married,US Citizen,No,White,2011-07-05,2012-09-24,hours,Voluntarily Terminated,Production       ,Kissy Sullivan,20,Newspager/Magazine,Fully Meets,3.02,3,0,,
"Davis, Daniel",1201031274,0,0,1,1,5,3,0,25,0,20,Production Technician II,MA,2458,1979-09-14,M ,Single,Eligible NonCitizen,No,Two or more races,2011-11-07,,N/A - still employed,Active,Production       ,Kissy Sullivan,20,Newspager/Magazine,Fully Meets,3.96,4,0,2019-02-27,0
"Gosciminski, Phylicia  ",1108028351,0,3,0,3,5,3,0,27,0,20,Production Technician II,MA,1824,1983-12-08,F,Separated,US Citizen,No,American Indian or Alaska Native,2013-09-30,,N/A - still employed,Leave of Absence,Production       ,Kissy Sullivan,20,Word of Mouth,Fully Meets,2.57,5,0,2019-02-21,0
"Latif, Mohammed",1104025486,1,1,1,5,5,3,0,28,1,20,Production Technician II,MA,2126,1984-05-09,M ,Married,US Citizen,No,White,2012-04-02,2013-04-15,more money,Voluntarily Terminated,Production       ,Kissy Sullivan,20,Word of Mouth,Fully Meets,1.84,3,0,,
"Monterro, Luisa",1001103149,0,0,0,1,5,4,0,25,0,20,Production Technician II,MA,2126,1970-04-24,F,Single,US Citizen,No,Black or African American,2013-05-13,,N/A - still employed,Active,Production       ,Kissy Sullivan,20,Billboard,Exceeds,2.55,3,0,2019-01-14,0
"Robertson, Peter",1499902991,1,1,1,5,5,3,0,22,1,20,Production Technician II,MA,2138,1972-07-03,M ,Married,US Citizen,No,White,2011-07-05,2012-02-08,Another position,Voluntarily Terminated,Production       ,Kissy Sullivan,20,Glassdoor,Fully Meets,2.48,5,0,,
"Woodson, Jason",1012023010,0,0,1,1,5,3,0,24.25,0,20,Production Technician II,MA,1810,1985-05-11,M ,Single,US Citizen,No,White,2014-07-07,,N/A - still employed,Active,Production       ,Kissy Sullivan,20,Vendor Referral,Fully Meets,4.07,4,0,2019-02-28,0
"Blount, Dianna",1403066125,0,0,0,1,5,2,0,27,0,20,Production Technician II,MA,2171,1990-09-21,F,Single,US Citizen,No,White,2011-04-04,,N/A - still employed,Active,Production       ,Michael Albert,22,Monster.com,Needs Improvement,1.16,3,0,2019-02-27,0
"Erilus, Angela",1105025661,0,3,0,1,5,1,0,24,0,20,Production Technician II,MA,2133,1989-08-25,F,Separated,US Citizen,No,White,2014-07-07,,N/A - still employed,Active,Production       ,Michael Albert,22,Pay Per Click - Google,PIP,4.59,1,0,2019-02-25,0
"Homberger, Adrienne  J",1207046956,1,1,0,5,5,3,0,28,1,20,Production Technician II,MA,2445,1984-02-16,F,Married,Non-Citizen,No,White,2011-08-15,2012-04-07,relocation out of area,Voluntarily Terminated,Production       ,Michael Albert,30,Glassdoor,Fully Meets,3.03,5,0,,
"Lundy, Susan",1305056276,0,4,0,5,5,3,0,24,1,20,Production Technician II,MA,2122,1976-12-26,F,Widowed,US Citizen,No,White,2013-07-08,2013-09-15,more money,Voluntarily Terminated,Production       ,Michael Albert,22,On-campus Recruiting,Fully Meets,4.65,4,0,,
"Moumanil, Maliki ",1301052436,0,3,1,1,5,3,0,29,0,20,Production Technician II,MA,1460,1974-12-01,M ,Separated,US Citizen,No,Black or African American,2013-05-13,,N/A - still employed,Active,Production       ,Michael Albert,22,On-campus Recruiting,Fully Meets,4.29,5,0,2019-01-28,0
"Sloan, Constance",1012023103,0,0,0,5,5,3,0,23,1,20,Production Technician II,MA,1851,1987-11-25,F,Single,US Citizen,No,White,2009-10-26,2015-04-08,maternity leave - did not return,Voluntarily Terminated,Production       ,Michael Albert,22,Monster.com,Fully Meets,4.68,4,0,,
"Buccheri, Joseph  ",1101023457,0,0,1,1,5,3,0,22,0,20,Production Technician II,MA,1013,1983-07-28,M ,Single,US Citizen,No,White,2014-09-29,,N/A - still employed,Active,Production       ,Webster Butler,,Word of Mouth,Fully Meets,3.19,3,0,2019-02-01,0
"Fancett, Nicole",1402065085,0,0,0,1,5,3,0,24,0,20,Production Technician II,MA,2324,1987-09-27,F,Single,US Citizen,No,Black or African American,2014-02-17,,N/A - still employed,Active,Production       ,Webster Butler,,Newspager/Magazine,Fully Meets,4,4,0,2019-01-07,0
"Hutter, Rosalie",1103024924,0,3,0,2,5,3,0,28,0,20,Production Technician II,MA,2351,1992-05-07,F,Separated,US Citizen,No,White,2015-06-05,,N/A - Has not started yet,Future Start,Production       ,Webster Butler,,Other,Fully Meets,2.63,3,0,2019-02-14,0
"Manchester, Robyn",1110029623,1,1,0,2,5,3,0,23,0,20,Production Technician II,MA,2324,1976-08-25,F,Married,US Citizen,No,White,2016-05-11,,N/A - Has not started yet,Future Start,Production       ,Webster Butler,,Vendor Referral,Fully Meets,5,3,0,2019-01-21,0
"Oliver, Brooke ",1001856521,1,1,0,5,5,3,0,25,1,20,Production Technician II,MA,2492,1952-02-11,F,Married,US Citizen,No,Asian,2012-05-14,2013-08-19,unhappy,Voluntarily Terminated,Production       ,Webster Butler,39,Newspager/Magazine,Fully Meets,5,3,0,,
"Thibaud, Kenneth",1011022777,0,4,1,5,5,3,0,23,1,20,Production Technician II,MA,2472,1975-09-16,M ,Widowed,US Citizen,No,White,2007-06-25,2010-08-30,military,Voluntarily Terminated,Production       ,Webster Butler,39,Pay Per Click - Google,Fully Meets,1.37,4,0,,
"Daneault, Lynn",1402065303,0,0,0,1,6,3,0,54,0,21,Sales Manager,VT,5473,1990-04-19,F,Single,US Citizen,No,White,2014-05-05,,N/A - still employed,Active,Sales,Debra Houlihan,15,Pay Per Click - Google,Fully Meets,4.62,4,0,2019-01-24,0
"Kampew, Donysha",1109029264,0,0,0,5,6,3,0,60.25,1,21,Sales Manager,PA,19444,1989-11-11,F,Single,US Citizen,No,White,2011-11-07,2014-04-24,maternity leave - did not return,Voluntarily Terminated,Sales,Debra Houlihan,15,Social Networks - Facebook Twitter etc,Fully Meets,1.9,5,0,,
"Smith, John",1499902910,0,2,1,1,6,2,1,56,0,21,Sales Manager,MA,1886,1984-08-16,M ,Divorced,US Citizen,No,Black or African American,2014-05-18,,N/A - still employed,Active,Sales,Debra Houlihan,15,Diversity Job Fair,Needs Improvement,1.62,4,0,2019-01-16,0
"Le, Binh",1009919930,0,0,0,1,3,3,0,50.25,0,22,Senior BI Developer,MA,1886,1987-06-14,F,Single,US Citizen,No,Asian,2016-10-02,,N/A - still employed,Active,IT/IS,Brian Champaigne,13,Indeed,Fully Meets,2.09,5,7,2019-01-08,0
"Navathe, Kurt",1009919960,0,0,1,1,3,3,0,52.25,0,22,Senior BI Developer,MA,2056,1970-04-25,M ,Single,US Citizen,No,Asian,2017-02-10,,N/A - still employed,Active,IT/IS,Brian Champaigne,13,Indeed,Fully Meets,5,3,6,2019-02-25,0
"Wang, Charlie",1009919970,0,0,1,1,3,3,0,51,0,22,Senior BI Developer,MA,1887,1981-07-08,M ,Single,US Citizen,No,Asian,2017-02-15,,N/A - still employed,Active,IT/IS,Brian Champaigne,13,Indeed,Fully Meets,3.42,4,7,2019-01-04,0
"LeBlanc, Brandon  R",1102024115,1,1,1,1,1,3,0,55,0,23,Shared Services Manager,MA,1460,1984-06-10,M ,Married,US Citizen,No,White,2016-01-05,,N/A - still employed,Active,Admin Offices,Janet King,2,Monster.com,Fully Meets,1.95,4,0,2019-01-28,0
"Quinn, Sean",1206043417,1,1,1,5,1,3,1,55,1,23,Shared Services Manager,MA,2045,1984-11-06,M ,Married,Eligible NonCitizen,No,Black or African American,2011-02-21,2015-08-15,career change,Voluntarily Terminated,Admin Offices,Janet King,2,Diversity Job Fair,Fully Meets,4.15,4,0,,
"Andreola, Colby",1107027358,0,0,0,1,4,3,0,47.6,0,24,Software Engineer,MA,2110,1979-05-24,F,Single,US Citizen,No,White,2014-11-10,,N/A - still employed,Active,Software Engineering,Alex Sweetwater,10,Vendor Referral,Fully Meets,3.04,3,4,2019-01-02,0
"Carabbio, Judith",1101023577,0,0,0,1,4,3,0,56,0,24,Software Engineer,MA,2132,1987-04-05,F,Single,US Citizen,No,White,2013-11-11,,N/A - still employed,Active,Software Engineering,Alex Sweetwater,10,Pay Per Click - Google,Fully Meets,4.96,4,6,2019-01-30,0
"Del Bosque, Keyla",1203032498,0,0,0,1,4,3,0,57.12,0,24,Software Engineer,MA,2176,1979-07-05,F,Single,US Citizen,No,Black or African American,2012-01-09,,N/A - still employed,Active,Software Engineering,Alex Sweetwater,10,Monster.com,Fully Meets,3.79,5,5,2019-01-25,0
"Exantus, Susan",1401064670,1,1,0,4,4,2,0,48.5,1,24,Software Engineer,MA,1749,1987-05-15,F,Married,US Citizen,No,Black or African American,2011-05-02,2013-06-05,attendance,Terminated for Cause,Software Engineering,Alex Sweetwater,10,Billboard,Needs Improvement,2.55,5,4,,
"Martin, Sandra",1303054625,0,0,0,1,4,3,0,55.51,0,24,Software Engineer,MA,2135,1987-11-07,F,Single,US Citizen,No,Asian,2013-11-11,,N/A - still employed,Active,Software Engineering,Alex Sweetwater,10,Search Engine - Google Bing Yahoo,Fully Meets,1.53,5,4,2019-01-14,0
"Patronick, Luke",1112030979,0,0,1,5,4,4,1,52.25,1,24,Software Engineer,MA,1844,1979-02-20,M ,Single,US Citizen,No,Asian,2011-11-07,2015-09-07,Another position,Voluntarily Terminated,Software Engineering,Alex Sweetwater,10,Diversity Job Fair,Exceeds,1.1,5,3,,
"Saada, Adell",1012023185,1,1,0,1,4,3,0,49.25,0,24,Software Engineer,MA,2132,1986-07-24,F,Married,US Citizen,No,White,2012-11-05,,N/A - still employed,Active,Software Engineering,Alex Sweetwater,10,Pay Per Click - Google,Fully Meets,1.74,3,6,2019-02-13,0
"Szabo, Andrew",1201031324,0,0,1,1,4,4,0,48,0,24,Software Engineer,MA,2140,1983-05-06,M ,Single,US Citizen,No,White,2014-07-07,,N/A - still employed,Active,Software Engineering,Alex Sweetwater,10,MBTA ads,Exceeds,2.61,5,5,2019-02-18,0
"True, Edward",1102024057,0,0,1,5,4,3,1,45.42,1,24,Software Engineer,MA,2451,1983-06-14,M ,Single,Non-Citizen,No,Black or African American,2013-02-18,2014-04-15,medical issues,Voluntarily Terminated,Software Engineering,Alex Sweetwater,10,Diversity Job Fair,Fully Meets,1.11,3,4,,
"Sweetwater, Alex",1001644719,0,0,1,1,4,3,0,27,0,25,Software Engineering Manager,MA,2184,1966-11-22,M ,Single,US Citizen,No,White,2011-08-15,,N/A - still employed,Active,Software Engineering,Jennifer Zamora,5,Search Engine - Google Bing Yahoo,Fully Meets,3.84,3,5,2019-01-21,0
"Foster-Baker, Amy",1201031308,1,1,0,1,1,3,0,34.95,0,26,Sr. Accountant,MA,2050,1979-04-16,F,Married,US Citizen,no,White,2009-01-05,,N/A - still employed,Active,Admin Offices,Board of Directors,9,Other,Fully Meets,5,3,2,2019-02-08,0
"Boutwell, Bonalyn",1307060188,1,1,0,1,1,3,1,34.95,0,26,Sr. Accountant,MA,2468,1987-04-04,F,Married,US Citizen,No,Asian,2015-02-16,,N/A - still employed,Active,Admin Offices,Brandon R. LeBlanc,3,Diversity Job Fair,Fully Meets,5,4,3,2019-02-18,0
"Ait Sidi, Karthikeyan   ",1307060199,1,1,1,5,3,3,0,62,1,27,Sr. DBA,MA,2148,1975-05-05,M ,Married,US Citizen,No,White,2015-03-30,2016-06-16,career change,Voluntarily Terminated,IT/IS,Simon Roup,4,Company Intranet - Partner,Fully Meets,4.96,3,6,,
"Carr, Claudia  N",1010022337,0,0,0,2,3,3,0,61.3,0,27,Sr. DBA,MA,1886,1986-06-06,F,Single,US Citizen,No,Black or African American,2016-06-30,,N/A - Has not started yet,Future Start,IT/IS,Simon Roup,4,Vendor Referral,Fully Meets,5,5,6,2019-02-18,0
"Favis, Donald  ",1412071562,0,0,1,4,3,3,0,58.2,1,30,Enterprise Architect,CT,6033,1964-07-30,M ,Single,US Citizen,No,Black or African American,2014-02-17,2016-02-19,hours,Terminated for Cause,IT/IS,Simon Roup,4,Vendor Referral,Fully Meets,2.94,5,7,,
"Roehrich, Bianca",1111030266,0,0,0,5,3,3,0,58.5,1,29,Principal Data Architect,MA,2703,1973-05-27,F,Single,US Citizen,Yes,White,2015-01-05,2015-11-10,Another position,Voluntarily Terminated,IT/IS,Simon Roup,4,Vendor Referral,Fully Meets,3.88,3,7,,
"Daniele, Ann  ",1411071312,1,1,0,3,3,3,0,54.1,0,28,Sr. Network Engineer,CT,6033,1952-01-18,F,Married,US Citizen,No,White,2014-11-10,,N/A - still employed,Leave of Absence,IT/IS,Peter Monroe,7,Vendor Referral,Fully Meets,1.55,5,8,2019-02-12,0
"Lajiri,  Jyoti",1108028108,1,1,1,3,3,3,0,56.2,0,28,Sr. Network Engineer,MA,2169,1986-04-23,M ,Married,US Citizen,No,White,2014-11-10,,N/A - still employed,Leave of Absence,IT/IS,Peter Monroe,7,Employee Referral,Fully Meets,4.46,5,6,2019-01-07,0
"Semizoglou, Jeremiah  ",904013591,1,1,1,2,3,3,0,53.8,0,28,Sr. Network Engineer,MA,1545,1983-02-09,M ,Married,US Citizen,No,Asian,2016-06-30,,N/A - Has not started yet,Future Start,IT/IS,Peter Monroe,7,On-campus Recruiting,Fully Meets,3.27,4,5,2019-01-14,0
"South, Joe",1308060959,0,0,1,1,3,3,0,53,0,28,Sr. Network Engineer,CT,6278,1965-09-09,M ,Single,US Citizen,No,White,2014-11-10,,N/A - still employed,Active,IT/IS,Peter Monroe,7,Employee Referral,Fully Meets,5,3,4,2019-01-02,0
"Warfield, Sarah",1301052347,0,4,0,1,3,3,0,55.2,0,28,Sr. Network Engineer,MA,2453,1978-05-02,F,Widowed,US Citizen,No,Asian,2015-03-30,,N/A - still employed,Active,IT/IS,Peter Monroe,7,Employee Referral,Fully Meets,1.06,4,8,2019-02-05,0
